110,189,9,0,0,1,1,1,1.1863422,6
86,187,9,0,0,1,1,1,0.750309,6
225,244,9,0,0,3,2,3,1.5202343,6
47,232,9,0,0,1,1,1,0.8944273,6
97,186,9,0,0,1,1,1,1.0055404,6
157,221,9,0,0,1.0555555,1,1.2222222,0.6206328,6
62,224,9,0,0,1,1,2,1.6329932,6
27,248,9,0,0,2,1,3,1.7224005,6
44,233,9,0,0,2,2,2,1.3277657,6
17,229,9,0,0,2,2,2,1.6147469,6
32,240,9,0,0,1,2,2,1.7051125,6
55,209,9,0,0,2,1,1,0.99814624,6
138,203,9,0,0,2,2,2,1.8787308,6
90,189,9,0,0,1,1,1,0.82775915,6
245,238,9,0,0,2,3,2,2.4404008,6
58,217,9,0,0,1,1,1.6666665,1.3498971,6
146,201,9,0,0,0.61111087,0.32773054,1,0.8004625,6
19,184,9,0,0,1,0,1,0.62360954,6
245,176,9,0,0,1,1,1,0.5577736,6
228,182,9,0.11111111,0,0.88888854,1,0.7777775,0.6554615,6
80,203,9,0,0,1,1,2,1.5263122,6
184,197,9,0,0,3,3,5,2.7460418,6
85,223,9,0.11111111,0,2,1,1.9444445,1.5116831,6
162,237,9,0,0,2,1,3,2.564718,6
116,245,9,0,0,2,1,2,1.496911,6
44,187,9,0,0,1,0,1,1.0274024,6
215,219,9,0,0,2.5555556,2,3,2.491467,6
200,250,9,0,0,2,1,1,1.0255988,6
114,238,9,0,0,2,1,1,1.0680548,6
30,251,9,0,0,2,2,8,1.6055425,6
34,164,9,0,0,0.888889,0,1,0.49065349,6
102,203,9,0,0,0.6666665,0.760117,1,0.8944272,6
217,245,9,0,0,3,3,2,1.2427571,6
163,210,9,0,0,2,1,1,0.9603243,6
4,188,9,0,0,2,1,2,0.7601162,6
34,169,9,0,0,1,1,1.6111112,0.8798151,6
47,209,9,0,0,2,1,1,0.92895794,6
158,195,9,0,0,2,2,3,1.7224011,6
176,233,9,0,0,1,1,3,1.90224,6
223,185,9,0,0,1,0,2,2.0807757,6
10,223,9,0,0,2,1,4,2.9489486,6
166,222,9,0,0,2,1,1,0.6236094,6
175,212,9,0,0,1,1,2,1.345775,6
88,211,9,0,0,1,1,2,1.4555134,6
170,226,9,0,0,2,1.4246508,2,1.2895594,6
75,226,9,0,0,2,1,2,1.0201668,6
2,198,9,0,0,1,1,2,1.3567389,6
85,225,9,0,0,2,1,2,1.2895594,6
165,186,9,0,0,3,2,2,1.173788,5
64,176,9,0,0,2,1,1,0.91893756,5
200,189,9,0,0,1,1.0886619,3,1.0055408,5
135,185,9,0,0,2,3,2,1.2895584,5
183,185,9,0,0,3,1,5.777777,5.556445,5
253,192,9,0,0,2,2,3,1.5444032,5
54,176,9,0,0,2.1111126,0.68853056,3,2.6915512,5
86,179,9,0,0,2,1,4,3.0743864,5
250,196,9,0,0,1.4999994,2,2,1.2186811,5
237,192,9,0,0,1,1,4,3.5239923,5
214,194,9,0,0,1,1,3,1.6953099,5
160,187,9,0,0,3,2,5,3.5381508,5
201,191,9,0,0,1,1,3,1.0201671,5
217,195,9,0,0,4,3,2,2.102027,5
185,188,9,0,0,2,1,2,1.2472184,5
65,176,9,0,0,3,1,1.5,1.1690452,5
251,195,9,0,0,3,3,4,2.3546653,5
149,182,9,0.11111111,0,3,3,7,5.6489916,5
171,187,9,0,0,3,2,3,2.4312778,5
249,200,9,0,0,3,3,3,1.2064643,5
24,172,9,0,0,1,1,10,5.455545,5
129,184,9,0,0,2,1,4,1.8186271,5
77,177,9,0,0,1,1,2,1.9748423,5
189,187,9,0,0,1,1,3,2.3890193,5
53,176,9,0,0,2,1,2,1.9962938,5
223,190,9,0,0,2,1.0327959,2,1.4669192,5
188,190,9,0,0,2,1,2.055556,1.103865,5
205,190,9,0,0,1,1,2,1.1238158,5
214,195,9,0,0,1,0.6582802,2,0.9660913,5
147,182,9,0,0,2,2,3,1.5974519,5
70,177,9,0,0,2,1,1.666666,1.173788,5
173,190,9,0,0,2,2.5647182,2,1.2049291,5
215,193,9,0,0,2,1,5,1.2952919,5
168,184,9,0,0,5,2,6,1.8104627,5
227,196,9,0,0,3,2,4,1.6953094,5
202,193,9,0,0,1,1,3,2.489236,5
185,186,9,0,0,2.1666667,2,3,1.3498974,5
248,200,9,0,0,1,0.9525792,2,1.1674607,5
253,201,9,0,0,3,3,3,2.3357134,5
252,201,9,0,0,5,5,5.5555553,5.795274,5
228,191,9,0,0,1.4444447,1,2,1.1925693,5
102,179,9,0,0,2,2,2,1.8816848,5
235,196,9,0,0,2,1,2,1.1482682,5
110,182,9,0,0,2,2,3,1.5587274,5
209,191,9,0,0.11111111,3,2,6,6.071487,5
235,195,9,0,0,1.8888887,2,3,1.7384534,5
236,193,9,0,0,3,1.6865476,4,3.2756124,5
180,186,9,0,0,2,2,2,1.7815933,5
181,186,9,0,0,3,3,2,1.6788442,5
132,182,9,0,0,1,1,2,1.7722135,5
133,181,9,0,0,2,2,5,2.8648567,5
227,195,9,0,0,3,2,4,2.8886762,5
142,183,9,0,0,1,1,1.5555553,1.4857352,5
167,190,9,0,0,3,1,5,2.784215,5
23,172,9,0,0,1,1,9,5.8566217,5
142,185,9,0,0,2,2,3,1.1674604,5
200,193,9,0,0,3,2,4.6111107,3.5926886,5
178,185,9,0,0,3,2,3,2.2771008,5
233,197,9,0,0,4,3,2,1.2649122,5
169,186,9,0,0,2.333334,2,6,2.5188184,5
118,180,9,0,0,2,1.4819913,3.1111114,1.0886629,5
234,194,9,0,0,1,2,4,3.0894084,5
142,182,9,0,0,1,1,3,2.051197,5
240,195,9,0,0,2,1,2,1.709451,5
224,190,9,0,0,3,2,3,1.8499246,5
174,188,9,0,0,3,3,3.6111107,2.23524,5
252,195,9,0,0,3,2,4,2.2052138,5
149,185,9,0,0,2,1,3,1.9254627,5
118,182,9,0.11111111,0,1.777778,1.293861,3,1.42595,5
170,189,9,0,0,2,1,2,1.7847092,5
182,186,9,0,0,4,2,2,1.2412661,5
10,172,9,0,0,4,4,7,7.360555,5
229,195,9,0,0,4,2,4,2.2476342,5
177,190,9,0,0,1,1,1,0.9525794,5
240,192,9,0,0,2,1,4,2.3796992,5
236,194,9,0,0,2.666666,2,2,1.7971164,5
117,181,9,0,0,1.8333334,1,3,2.054805,5
186,188,9,0,0,2,1,2,1.2546208,5
9,171,9,0,0,1,1,3,1.64204,5
190,188,9,0,0,2,2,2,1.7815938,5
244,194,9,0,0,2,1,2,2.03761,5
205,194,9,0,0,2,1,5,3.0435104,5
88,180,9,0,0,1,1,4,2.888675,5
62,177,9,0,0,1,1,2,0.9428091,5
2,171,9,0,0,2,1,4,3.1269426,5
169,190,9,0,0,3,2,2.8888893,2.0940847,5
32,173,9,0,0,2,2,9,6.749488,5
205,190,9,0,0,1,1,2,1.1238158,5
204,194,9,0,0,3,2,5,3.4167333,5
187,36,9,0,0,0,0,0.4999999,0.2788868,4
225,36,9,0,0,0,0,0,0.3277307,4
222,145,9,0,0,0,0,0,0,4
242,148,9,0,0,0,0,0,0,4
125,149,9,0,0,0,0,0,0,4
200,31,9,0,0,2,1,5,2.678447,4
221,30,9,0,0,1,1,2,1.6329935,4
240,63,9,0,0,1,1,0.38888916,0.38968176,4
137,141,9,0,0,0.055555563,0.13608278,0.055555556,0.13608277,4
189,68,9,0,0,1,1,1,0.5340273,4
222,62,9,0,0,0,0,1,0.55777335,4
128,144,9,0,0,0,0,0,0,4
186,90,9,0,0,4,1,0.6666667,0.4714045,4
184,145,9,0,0,0.72222227,1,0,0.2721655,4
206,12,9,0,0,3,1,5,3.3582406,4
202,63,9,0,0,0,0,0,0.27216563,4
196,95,9,0,0,2,1,1,1.264911,4
200,13,9,0,0,2,2,0,0.25092423,4
223,150,9,0,0,0,0,0,0,4
201,34,9,0,0,4,3,0,0.4036869,4
231,91,9,0,0,0,0.27888656,1,0.17213255,4
171,89,9,0,0,0,0,0,0,4
200,147,9,0,0,0.22222222,0.5443311,0.4444445,0.68853045,4
174,152,9,0,0,0,0,0,0,4
208,34,9,0,0,2,2,0.4444445,0.50184834,4
218,147,9,0,0,0,0,0,0,4
187,86,9,0,0,1,1,3,2.5422366,4
253,150,9,0,0,0,0,0,0,4
170,143,9,0,0,0,0,0,0,4
156,154,9,0,0,0,0,1,0.544331,4
177,33,9,0,0,2,2,4,2.9739609,4
249,58,9,0,0,1,1,0,0.3277306,4
182,39,9,0,0,6,6,1,0.8798151,4
155,40,9,0,0,1.888889,2.072751,0,0.13608274,4
220,61,9,0,0,0,0,0.5555556,0.27216548,4
206,64,9,0,0,0,0,0,0.13608277,4
160,95,9,0,0,3,4,0,0.4036867,4
206,61,9,0,0,1,0,0,0.45946813,4
180,142,9,0,0,0.16666669,0.2788867,0.11111111,0.17213261,4
158,154,9,0,0,1,1,0,0.40368667,4
231,30,9,0,0,1,1,3,2.7968237,4
242,65,9,0,0,1,0,1,0.42163682,4
161,89,9,0,0,4.6666665,5,0,0.27888685,4
242,148,9,0,0,0,0,0,0,4
138,144,9,0,0,0.8888889,0.86066306,0.2777778,0.53402734,4
226,90,9,0,0,1,1,0,0.2509243,4
119,153,9,0,0,5,5.539421,0,0.13608263,4
197,144,9,0,0,1,1,0,0.49065337,4
130,145,9,0,0,0,0,0,0,4
187,89,9,0,0,3,2,1.111111,1.0680547,4
178,35,9,0,0,0,0,0,0.25092396,4
173,93,9,0,0,0,0,0,0,4
223,62,9,0,0,0.3333334,0.29814243,0,0.50184846,4
168,40,9,0,0,0,0,0,0,4
161,144,9,0,0,0,0,0,0,4
225,90,9,0,0,0,0,1,0.45542005,4
189,141,9,0,0,0,0,0,0,4
134,148,9,0,0,0.11111113,0.17213261,0.055555556,0.13608277,4
166,36,9,0,0,0,0,0,0,4
241,145,9,0,0,0,0,0,0,4
203,61,9,0,0,0.16666675,0,1,0.44305354,4
232,149,9,0,0,0,0,0,0,4
182,152,9,0,0,1,1,1,1.0903618,4
216,151,9,0,0,0.16666667,0.2788867,0.11111113,0.17213261,4
220,149,9,0,0,0.11111113,0.17213261,0.11111113,0.17213261,4
163,152,9,0,0,0,0,0,0,4
131,144,9,0,0,0,0,0,0,4
180,141,9,0,0,0.055555563,0.13608278,0.055555556,0.13608277,4
225,58,9,0,0,0,0.42163706,0,0.34426522,4
170,154,9,0,0,0.11111111,0.17213261,0.055555556,0.13608277,4
238,61,9,0,0,1,0.4714045,1,0.49065334,4
189,62,9,0,0,0,0,0,0.3442651,4
242,57,9,0,0,2,2,9,2.7601657,4
226,144,9,0,0,0,0,0,0,4
199,144,9,0,0,0.33333334,0.5163977,0,0.36514834,4
170,62,9,0,0,0,0,0,0,4
123,152,9,0,0,0,0,0,0,4
161,154,9,0,0,0,0,0,0,4
161,147,9,0,0,0,0,0,0,4
245,140,9,0,0,0,0.27888668,0.6111111,0.7428674,4
218,64,9,0,0,2,1.1303884,2,1.9635572,4
174,145,9,0,0,0,0,0,0,4
214,143,9,0,0,0,0.17213261,0,0.17213264,4
186,12,9,0,0,0,0,2,1.9663839,4
188,88,9,0,0,1,0.4714045,0,0.29814243,4
183,91,9,0,0,3,1,0.49999985,0.54772246,4
155,68,9,0,0,3,4,0,0.27888665,4
160,41,9,0,0,1,1,0,0.17213258,4
189,142,9,0,0,0,0,0,0,4
133,141,9,0,0,0.11111111,0.17213261,0.11111113,0.1721326,4
173,152,9,0,0,0,0,0,0,4
189,144,9,0,0,0,0,0,0,4
198,148,9,0.11111111,0,2,1,1,0.98130697,4
236,38,9,0,0,1,1,2.9444447,2.2941144,4
173,67,9,0,0,1,1,0,0.34426522,4
210,153,9,0,0,0,0,0,0,4
49,42,9,0,0,2.6111107,1,1,0.8944278,3
188,73,9,0,0,1,1,2,1.9935083,3
139,95,9,0,0,4,3,7,5.724864,3
92,70,9,0,0,1,1,0.7777767,0.65546083,3
169,117,9,0,0,1,1,1.111111,1.2938602,3
63,19,9,0,0,2,1,1,0.8861062,3
69,68,9,0,0,1,1,0.7777774,0.5837293,3
151,89,9,0,0,8,5,0.72222203,0.38968238,3
170,159,9,0,0,2,1,2,1.1816499,3
180,116,9,0,0,3,2,1,0.81649673,3
58,109,9,0,0,1,1,1,0.49065349,3
191,101,9,0,0,1,1,1,1.186342,3
24,15,9,0,0,1,1,1,0.54432976,3
152,98,9,0,0,7.0000014,4,1,0.7722023,3
44,50,9,0,0,1,1,1,0.389682,3
105,69,9,0,0,2.5000012,2,2,1.4719604,3
27,57,9,0.11111111,0,1,0,1,0.3896791,3
52,33,9,0,0,14,13,0,0.2509246,3
45,67,9,0,0,1,0,1,0.64692926,3
72,32,9,0,0,4,3,2,1.9710876,3
142,119,9,0,0,5,1,1.0555553,0.6116157,3
244,134,9,0,0,2,1,1,0.7302964,3
118,111,9,0,0,1,1,1,0.27216536,3
78,85,9,0,0,5.4999995,2,6,4.5983086,3
2,95,9,0,0,2,1,1,0.91084033,3
114,145,9,0,0,2.166666,1.3123348,1,0.6992059,3
141,17,9,0,0,4,4,5,2.319004,3
22,125,9,0,0,2,2,2,1.3443986,3
229,102,9,0,0,0.88888866,1,8,5.425934,3
230,117,9,0,0,3,1,1,0.86066324,3
80,77,9,0,0,1,1,0.6666667,0.5577739,3
248,103,9,0,0,1,1,1,0.9349196,3
228,22,9,0,0,1,0.8606628,1,0.9756292,3
228,42,9,0.11111111,0,2,2,4,2.2310944,3
109,111,9,0,0,1,1,2,1.471961,3
19,62,9,0,0,11,1,0.6666667,0.36514628,3
78,128,9,0,0,1,1,1,1.1238163,3
170,121,9,0,0,2,2,3,1.9254632,3
58,48,9,0,0,2,0,0,0.25092447,3
179,133,9,0,0,2,2,1,0.7503084,3
103,65,9,0,0,1,1,1,0.91083974,3
114,129,9,0.11111111,0,2,1,0.77777606,0.88610685,3
11,62,9,0,0,1,1,1,0.3896814,3
41,101,9,0,0,2,1,2,1.5551577,3
121,102,9,0,0,2.9444435,2,1,0.86066246,3
220,111,9,0,0,3,2,2,1.5974522,3
219,132,9,0,0,1,1,1,0.7503098,3
241,70,9,0,0,1,1,4,2.7541208,3
186,98,9,0,0,1,1,5.944444,3.0798028,3
209,70,9,0,0,2,2,9,3.4619644,3
54,133,9,0,0,4.3888893,2,1,1.2186816,3
91,64,9,0,0,1,1,1,1.0201671,3
22,87,9,0,0,2,1,1,0.62361073,3
87,146,9,0,0,1,1,5,4.712474,3
54,126,9,0.11111111,0,3,3,3,2.2746582,3
38,94,9,0,0,1,1,1,0.7793629,3
147,34,9,0,0,5,4,0.7777786,0.7793621,3
112,38,9,0,0,11,11,1,1.0680542,3
151,101,9,0,0,10,7,1,0.34960347,3
169,131,9,0,0,2,2,9,2.1152062,3
70,38,9,0,0,1.2222227,0.2721662,1,0.76011634,3
47,96,9,0,0,1,1,0.8333333,0.75277233,3
109,100,9,0,0,1,0,0,0.40368706,3
136,45,9,0,0,1,2,2,1.5263131,3
93,67,9,0,0,2,1,1,1.1879022,3
53,42,9,0,0,3,1,1,0.534027,3
191,107,9,0,0,2.0555553,1.5263124,10,3.0110908,3
39,17,9,0,0,1,1,1,0.8073737,3
19,102,9,0,0,4,2,1,0.62360954,3
92,89,9,0,0,2,1,1,0.95839226,3
79,28,9,0,0,4,4,1,0.6582806,3
116,125,9,0,0,3,1,2,0.5741333,3
109,76,9,0,0,2,0.69121444,0,0.32773072,3
32,88,9,0,0,1,0,1.111112,0.72008145,3
113,123,9,0,0,1,0.6206331,2,1.7180963,3
118,21,9,0,0,4.8333344,5,1,1.0628413,3
238,73,9,0,0,2,1,1.5,0.7817362,3
178,25,9,0,0,1,0,1.5555559,1.2412641,3
227,44,9,0,0,1,0,1.6111094,0.99814636,3
24,93,9,0,0,2,1,2,1.7309806,3
193,125,9,0,0,5,2.550962,2,1.8787314,3
224,124,9,0,0,2,1,2,1.186342,3
120,108,9,0,0,5,3,2,1.5634735,3
158,76,9,0,0,1,1,3.277778,3.065339,3
55,145,9,0,0,5,2.9770727,1,0.4216377,3
75,90,9,0.11111111,0,4,3,3,2.7708795,3
104,112,9,0,0,1,0,1,0.71232516,3
144,35,9,0,0,2,2,2,1.7309813,3
94,104,9,0,0,7,1,1,0.5163988,3
40,17,9,0,0,1,1,1,1.1088861,3
105,111,9,0,0,0,0,1,0.44305268,3
140,116,9,0,0,2,1,1,0.501848,3
130,32,9,0,0,1,1,1,0.83665866,3
102,158,9,0.22222222,0,2,2.1230664,2,1.0488074,3
236,117,9,0,0,1,0,1,0.74286777,3
23,25,9,0,0,1,1,0.6111107,0.64692986,3
83,143,9,0,0,1,1,1,0.54433095,3
74,64,9,0,0,2,1,2,1.1155467,3
48,139,9,0,0,2,2,2,1.048809,3
153,116,9,0,0,3,2,1,0.8344438,3
67,34,9,0,0,1,1,1,0.5837306,3
51,64,9,0,0,18,1.206455,1,0.6992055,3
97,46,9,0,0,2,1.6193271,2,1.4089662,3
76,134,9,0,0,3,1,1,0.54433167,3
34,116,9,0,0,6,4,0,0.27888796,3
20,122,9,0,0,2,1,2,1.4857366,3
94,80,9,0,0,2,1.1879028,1,0.50552523,3
229,24,9,0,0,2,1,1,1.0470423,3
84,62,9,0,0,1,0,1,0.77220213,3
52,89,9,0,0,5,3,1,0.49065316,3
112,90,9,0,0,7,7,1,0.87981415,3
139,115,9,0,0,2,1,1,0.6469293,3
247,115,9,0,0,4,2,1,1.3066785,3
113,34,9,0,0,2,1.1352938,1,0.83665943,3
233,124,9,0,0,2,2,2,0.49065465,3
80,72,9,0,0,1,1,1,1.1674612,3
29,78,9,0,0,1,1,3,2.322991,3
151,129,9,0,0,8,8,1,0.8277585,3
147,87,9,0,0,7,7,2,1.6953089,3
153,78,9,0,0,9,6,3,3.517681,3
86,20,9,0,0,1,1,2,1.0628412,3
83,81,9,0,0,0.44444337,0,1,0.38968188,3
167,53,9,0,0,1,0.4906541,1,0.389682,3
104,103,9,0,0,1,1,1,0.59628505,3
58,122,9,0,0,2,2,6,3.0160062,3
102,50,9,0,0,2,1,1,0.8692274,3
29,18,9,0,0,1,1,2,1.2895608,3
39,138,9,0,0,1,1,2,1.638653,3
79,44,9,0,0,5,3.2018518,2,1.1287482,3
45,121,9,0,0,2,1,7,2.678445,3
108,128,9,0,0,7,4,2,1.0540924,3
83,133,9,0,0,2,2,1,1.0697864,3
34,13,9,0,0,0,0,2,0.54433,3
148,109,9,0,0,1,1,1,0.6554618,3
40,35,9,0,0,1,0,1,0.6469281,3
202,21,9,0,0,0,0,5,2.613357,3
13,15,9,0,0,1,1,1,1.0256,3
57,42,9,0,0,2.333334,0.8692256,1,0.69920623,3
156,49,9,0,0,1,1,1,0.54433155,3
42,57,9,0,0,1,1,1,0.36514837,3
227,132,9,0,0,7,1,1,1.0110494,3
74,127,9,0,0,5,4,2,1.2472203,3
77,135,9,0,0,3,2,2,0.9583936,3
106,65,9,0,0,2,2,2,0.82775915,3
191,119,9,0,0,1,1,1,0.772202,3
51,111,9,0,0,16,16.443394,0,0.34426522,3
182,135,9,0,0,4,1,1.1111103,1.0255978,3
7,154,9,0,0,3,4,3.8333328,2.178176,3
152,83,9,0,0,4,1,1,0.6804135,3
187,75,9,0,0,2,1,6,4.8027763,3
147,125,9,0,0,6,4,1.3333327,0.7601168,3
252,76,9,0,0,2,1,1,0.34426576,3
189,48,9,0,0,1,0,5,4.3050365,3
157,20,9,0,0,1,1,5,4.479171,3
90,36,9,0,0,1,0,1,1.2232299,3
75,65,9,0,0,3,1,2,0.9349202,3
104,147,9,0,0.11111111,3.1111114,2.1875062,5,2.5991445,3
245,110,9,0,0,4.88889,3.4426522,2,1.8094413,3
47,121,9,0,0,1,1,5,3.208784,3
162,159,9,0,0,2,1,2,1.4555128,3
18,43,9,0,0,2,2,2,1.2232332,3
7,90,9,0,0,1,0.8541836,2,2.0184336,2
19,133,9,0,0,0,0,0,0,2
29,85,9,0,0,3,3,2,3.0508046,2
37,104,9,0,0,8,10,22,21.61858,2
59,120,9,0,0,2,2,1,1.8698385,2
104,139,9,0,0,0,1,0,0.5163977,2
81,145,9,0,0,4.5555553,5,8,6.1128287,2
108,146,9,0,0,0,0,0,0,2
18,66,9,0,0,8.666665,9,11,5.289054,2
33,94,9,0,0,1,0,3,1.6420401,2
21,64,9,0,0,16.277779,12.948471,20.222223,17.629103,2
71,125,9,0,0,1,0,1,0.49065357,2
58,125,9,0,0,2,1.1105559,1,0.90472007,2
96,130,9,0,0,1,0,1.2222222,0.65546143,2
33,98,9,0,0,1,0.611616,1,0.9189368,2
33,132,9,0.11111111,0,1,1,2,0.99814636,2
37,103,9,0,0,2,2,3,3.421609,2
14,136,9,0,0,0,0,0,0,2
47,127,9,0,0,1,1,1,0.49065298,2
118,125,9,0,0,0,0,1,0.34426528,2
98,126,9,0,0,1,0.71232533,1,0.49065322,2
90,122,9,0.11111111,0,2,1,1,0.69121486,2
106,107,9,0,0,1,1,0.6666667,0.4216372,2
124,113,9,0,0,0,0,0,0.3277307,2
57,119,9,0,0,2,2,2,1.721326,2
117,110,9,0,0,2,3,2.277777,1.9022408,2
67,136,9,0,0,7,4,3,3.1972213,2
58,128,9,0,0,3,2,2,1.6821501,2
91,120,9,0,0,1,1,1,0.77220225,2
18,87,9,0,0,2,2,2,1.7469552,2
98,133,9,0,0,1,0,0,0.3277307,2
68,127,9,0,0,1,1,1,0.8277589,2
121,120,9,0,0,1,0,1,0.8798147,2
115,111,9,0,0,1,0,2,1.0417223,2
90,116,9,0,0,1,1,1,1.1352925,2
99,130,9,0,0,1,0,1,0.5443311,2
20,70,9,0,0,11,9,8,6.9166985,2
119,115,9,0,0.11111111,2.4444444,1.5729189,5,2.9363625,2
10,112,9,0,0,0,0.42163706,1,0.1825741,2
35,107,9,0,0,10,15,10,17.54708,2
33,131,9,0,0,0,1,1,1.0954453,2
23,92,9,0,0,4.111111,5,7,5.688196,2
13,83,9,0,0,1,0.54772246,0.6666666,0.63245547,2
85,121,9,0,0,1.611111,1.0628405,1,0.71232516,2
101,137,9,0,0,0,1,1,0.8096638,2
75,113,9,0,0,2.944445,4,6,6.2245026,2
45,126,9,0,0,7,4,3,1.7971169,2
113,130,9,0,0,0.27777776,0,0,0.3651483,2
64,114,9,0,0,5,6,9,8.66859,2
33,100,9,0,0,1,1,1,0.3651482,2
118,109,9,0,0,4,3,4,3.0840094,2
18,70,9,0,0,9,6,10,6.9487534,2
93,127,9,0,0,1,1,1,0.7888106,2
39,124,9,0,0,5,5,7,4.544838,2
93,147,9,0,0,3,4,4,3.2157025,2
45,108,9,0,0,26,13,27,15.930981,2
70,122,9,0,0,4,4,4,3.7810435,2
123,143,9,0,0,0,0,0,0.13608274,2
14,90,9,0,0,2.9444447,2.435083,3,3.211092,2
9,76,9,0,0,1,1.4207457,2,1.8618987,2
17,98,9,0,0,1,0.71232533,1,0.73029673,2
25,138,9,0,0,1,1,1,0.49065349,2
68,122,9,0,0,3,2,2,1.9962927,2
54,140,9,0,0,0.72222215,0,1.7777777,1.0470418,2
88,136,9,0,0,2,1.149879,2,2.112573,2
83,126,9,0,0,1,1,0.94444436,0.5741338,2
6,118,9,0,0,0.055555563,0.13608278,0.055555563,0.13608278,2
86,140,9,0,0,5,5,3,2.6784468,2
74,122,9,0,0,1,1,1,0.6992059,2
101,121,9,0,0,1,0.843274,1.5,0.88819396,2
109,146,9,0,0,0.055555556,0.13608277,0.055555556,0.13608277,2
14,71,9,0,0,13,10,22,16.536379,2
22,133,9,0,0,0,0,0,0,2
21,122,9,0,0,0.44444445,0.4036867,0,0.4036867,2
104,134,9,0,0,1,0,1,0.27888662,2
69,139,9,0,0,3,2,2,1.6688871,2
96,138,9,0,0,1,1,1,0.7123256,2
27,112,9,0,0,0.22222222,0.34426522,0.11111113,0.27216557,2
33,142,9,0,0,2,1,1,1.4089661,2
76,138,9,0,0,3,4,6,2.4289908,2
96,115,9,0,0,2,1,3,1.4142128,2
17,108,9,0,0,1,0.64693,1,0.91287076,2
94,127,9,0,0,1,1,1,0.6885305,2
86,136,9,0,0,4,4,2,2.3913426,2
117,137,9,0,0,0,0.3896817,0,0.25092417,2
47,119,9,0,0,2,2.2746592,1,1.3824296,2
103,125,9,0,0,1,1,1,0.6912146,2
17,85,9,0,0,0.8888889,0.72008216,1,0.7200825,2
68,115,9,0,0,3,3,2.722222,2.7921848,2
9,131,9,0,0,0,0,0,0,2
59,141,9,0,0,2,2,2,1.278019,2
69,136,9,0,0,3.1111114,3,3,3.1669588,2
85,124,9,0,0,1,0.93491936,2,1.6788442,2
113,132,9,0,0,0,0,0,0.5340273,2
14,95,9,0,0,1,0.699206,1,0.62063295,2
103,130,9,0,0,0,0,0,0.38968173,2
3,106,9,0,0,0,0,0,0.17213261,2
20,117,9,0,0,0,0,0,0,2
92,121,9,0,0,1,2,2,2.0593057,2
27,134,9,0,0,1,1,2,1.0628402,2
97,63,9,0,0,1,0,0,0.21081766,1
188,42,9,0,0,1,1,2,1.2649081,1
112,77,9,0,0,1,1,1,0.80966693,1
83,28,9,0,0,0,0,1,0.45542085,1
121,82,9,0,0,1,0,1,0.44305366,1
142,33,9,0,0,0,1,1,0.3496027,1
66,109,9,0,0,1,1,1,0.8432756,1
190,45,9,0,0,1,1,1,0.54433,1
91,54,9,0,0,1,0.4082483,1,0.6582833,1
53,28,9,0,0,0,0,2,0.86066204,1
77,36,9,0,0,1,0,1,0.6469302,1
88,91,9,0,0,1,1,1,0.77220345,1
235,46,9,0,0,1,1,1,0.59628177,1
192,51,9,0,0,1,0,0.94444275,0.77220273,1
152,18,9,0,0,0.7777774,0,1,0.2721644,1
83,54,9,0,0,1,1,1,0.55777204,1
115,81,9,0,0,1,1,1,0.38968277,1
35,67,9,0,0,3,1,4,1.9407902,1
178,16,9,0,0,0,0,1.4999987,1.2064619,1
92,104,9,0,0,2,1,2,1.3784055,1
66,41,9,0,0,1,0,0,0.32773316,1
37,61,9,0,0,1,0,1,0.27216396,1
53,78,9,0,0,1,1,3,2.2900763,1
222,38,9,0,0,1,0,2,0.6885298,1
160,30,9,0,0,0,0,0.61110944,0.6116157,1
155,20,9,0,0,1,0,1,0.32772934,1
230,12,9,0,0,1,0,2,0.97562623,1
175,14,9,0,0,1,1,1,0.77936065,1
79,58,9,0,0,1,1,1,0.68041354,1
84,86,9,0,0,0.8333346,1,1,0.69121444,1
220,39,9,0,0,1,1,1,1.3333335,1
58,25,9,0,0,1,0.50184816,0,0.3277306,1
19,28,9,0,0,1,1,1,1.186343,1
185,35,9,0,0,1.3888868,1.0417228,1,0.80966425,1
253,32,9,0,0,0,0.58689225,1,0.5577723,1
171,15,9,0,0,1,1,0.66666794,0.6992054,1
238,55,9,0,0,1,0,1,0.557774,1
231,13,9,0,0,1,0.57413495,1,1.0540915,1
238,25,9,0,0,0,0,1,0.8277594,1
112,30,9,0,0,1,0,1,0.7200825,1
80,40,9,0,0,1,1,0.7222226,0.7722025,1
220,36,9,0,0,1,1,1,0.85418165,1
67,40,9,0,0,1,1,0.6666667,0.699204,1
116,54,9,0,0,1,0,2,0.9289577,1
123,68,9,0,0,1,1,1,0.57413423,1
11,50,9,0,0,2,1,1,0.9108403,1
103,64,9,0,0,1,0.6992054,1,0.91893595,1
76,19,9,0,0,1,0,1,0.5837302,1
213,14,9,0,0,1,0.57413363,2,1.3333321,1
134,29,9,0,0,1,0,0,0.40368643,1
78,30,9,0,0,1,1,1,0.7722014,1
232,31,9,0,0,1,0,1,0.34426582,1
57,89,9,0,0,1,0,1,0.77220285,1
112,18,9,0,0,0.8333333,1,1,0.27888793,1
162,14,9,0,0,1,1,1,0.7123269,1
104,41,9,0,0,0,0,1,0.58689624,1
179,63,9,0,0,1,1,6,5.6751566,1
62,26,9,0,0,0.7777774,0,0,0.40368605,1
207,58,9,0,0,1,0,1,0.58372843,1
174,50,9,0,0,1.0000013,1,1,0.9525792,1
44,79,9,0,0,0,0,1,0.4036864,1
47,215,9,0,0,3,2,3,2.4075494,6
156,181,9,0,0,0,0,1,0.50552523,6
57,229,9,0,0,3,2,3,1.4089648,6
29,195,9,0,0,0,0,1,0.6804136,6
8,199,9,0,0,2,1,1,0.71232533,6
135,211,9,0,0,2,1,2,1.1498789,6
103,174,9,0.11111111,0,1,1,1.6666666,1.2649112,6
34,242,9,0,0,2,2,2,1.1088866,6
197,156,9,0,0,1,0,2,1.705112,6
35,167,9,0,0,2,1,2,1.130388,6
129,176,9,0,0,1,1,2.722222,1.5408025,6
29,184,9,0,0,2,1,3,1.8973663,6
46,238,9,0,0,1,1,2,1.8226967,6
207,172,9,0,0,1.0000004,0,2,0.9189365,6
182,197,9,0,0,2.166667,1,2,1.5834798,6
145,170,9,0,0,1,1,1,0.86066276,6
106,193,9,0,0,1,0.9525794,1,0.6206331,6
100,155,9,0,0,0.49999967,0.45946836,1,0.349603,6
91,247,9,0,0,2.6666665,1,2,1.4246507,6
73,164,9,0,0,1,1,2,1.0470407,6
170,185,9,0,0,1,0,1,1.0470417,6
144,169,9,0,0,1,1,1,0.74286735,6
11,163,9,0,0,1,1,3,1.3123353,6
164,202,9,0,0,1.4999999,2,2,0.82775855,6
230,162,9,0,0,2,1.0749676,1,0.5741337,6
249,207,9,0,0,3,1,1,0.27216536,6
97,176,9,0,0,1,1,2,1.3066785,6
42,244,9,0,0,1,1,1,1.2590414,6
210,232,9,0,0,2,1,1,1.7224014,6
10,196,9,0,0,1,1,1,0.8432735,6
238,162,9,0,0,0.94444466,1,3,0.73029745,6
115,182,9,0,0,1,1,1,1.1434194,6
242,183,9,0,0,1,1,2.1666667,1.798147,6
72,235,9,0,0,2.8333328,2,5,3.1369953,6
169,199,9,0,0,1.277778,0,1,1.041722,6
76,198,9,0,0,2,1,2,0.69121444,6
120,227,9,0,0,1,1,2,0.80737346,6
212,239,9,0,0,2,1,2,2.8205595,6
4,208,9,0.11111111,0,2,2,2.4444444,1.6953101,6
221,195,9,0,0,1,1,3,1.5263131,6
252,181,9,0,0,1,1,2,2.037609,6
154,249,9,0,0,3.5,2.306994,5,3.5381527,6
23,219,9,0,0,1,1,2,0.9289575,6
196,241,9,0,0,2,1,1,1.206464,6
215,235,9,0,0,1,1,1,0.49065349,6
51,237,9,0,0,3,3,2,1.2292727,6
244,193,9,0,0,2,2,3.8888886,3.631141,6
232,175,9,0,0,1,1,3,2.1679492,6
140,161,9,0,0,0,0,1,0.6206328,6
38,241,9,0,0,2.055556,1,2,1.4246509,6
158,151,9,0,0,0.38888898,0,4,4.0423675,6
37,196,9,0,0,1,1,1,0.81649673,6
183,157,9,0,0,0.6666667,0,2,0.62063295,6
132,223,9,0,0,2,1,2,0.9349196,6
222,189,9,0,0,1,1,1,1.1925697,6
48,173,9,0,0,1,1,1,1.6420407,6
185,84,9,0,0,1,0,0,0.4594679,4
160,110,9,0,0,1,1,0,0.2721654,4
183,139,9,0,0,0,0,0,0.27216554,4
159,105,9,0,0,1,1,4,1.8257413,4
215,89,9,0,0,2,2,2,1.7256241,4
172,140,9,0,0,3,0,0.6666666,0.42163697,4
202,129,9,0,0,0.22222225,1,3,3.804481,4
244,108,9,0,0,7,5,2,0.827759,4
227,109,9,0,0,1,1,0,0.38968188,4
170,88,9,0,0,0.72222203,0,1,0.4594679,4
170,113,9,0,0,3,1,1,0.68853045,4
244,105,9,0,0,6,5,1,0.80966365,4
142,112,9,0,0,1,0,1,0.34426492,4
161,138,9,0,0,0.22222221,0,0,0.2721655,4
159,116,9,0,0,0,0,2,1.1038655,4
214,108,9,0,0,1,0,1,0.29814258,4
184,145,9,0,0,1,0,2,0.93491936,4
163,133,9,0,0,0.111111104,0,0,0.2721655,4
214,84,9,0,0,0,0,0,0.34426498,4
205,106,9,0,0,1,0,0.3888893,0.1360822,4
143,114,9,0,0,2,1,0,0.389682,4
189,107,9,0,0,2.6666667,0.69920635,1,0.7226496,4
177,130,9,0,0,0,0,0,0.27216554,4
218,115,9,0,0,1,1,0,0.38968194,4
178,138,9,0,0,0,0,0,0.13608274,4
139,113,9,0,0,0.94444436,1,0.666667,0.42163637,4
139,109,9,0,0,1,1,0,0.38968176,4
227,104,9,0,0,0,1,3,2.1046689,4
206,133,9,0,0,0,0,0,0.13608277,4
178,134,9,0,0,0,0,0,0.2721655,4
233,105,9,0,0,6,2,1,0.742867,4
156,86,9,0,0,2,0,0,0.250924,4
143,89,9,0,0,3,2,0,0,4
213,86,9,0,0,1,0,0,0.3277307,4
156,79,9,0,0,2,2,5,3.4875438,4
157,85,9,0,0,1,1,0,0.17213264,4
204,131,9,0,0,0,0.17213261,0.11111111,0.17213261,4
159,83,9,0,0,0.3888887,0,0,0.2509239,4
219,80,9,0,0,2,3,3,1.0835476,4
203,133,9,0,0,0,0.13608277,0.055555556,0.13608277,4
163,131,9,0,0,0,0,0,0.25092423,4
202,140,9,0,0,1,0,0,0.34426528,4
222,131,9,0,0,0,0,0,0,4
217,80,9,0,0,1,1,3,0.72008204,4
252,137,9,0,0,1,1,1,0.71232533,4
230,113,9,0,0,1,1,1,0.54433125,4
205,82,9,0,0,1,1,3,2.1679482,4
212,140,9,0,0,4,4.204495,1,0.6666667,4
244,82,9,0,0,1,1,3,2.5334797,4
211,130,9,0,0,0,0,0,0,4
203,83,9,0,0,0,0,0,0.40368673,4
169,104,9,0,0,2,2,6,2.2550344,4
142,111,9,0,0,1,0,1,0.34426492,4
166,135,9,0,0,0,0,0,0.4036867,4
226,131,9,0,0,0,0,0,0,4
229,104,9,0,0,0.49999985,1,3,2.0412421,4
228,90,9,0,0,2,2,2,2.4645634,4
161,135,9,0,0,0,0,0.11111113,0.17213261,4
250,131,9,0,0,0,0,0,0,4
215,84,9,0,0,0.33333334,0,0,0.3277306,4
247,108,9,0,0,1,1,2,1.9512583,4
142,99,9,0,0,1,0,1.722222,1.3402593,3
189,68,9,0,0,2,2,1,1.344399,3
174,75,9,0,0,2,1,2,1.0835471,3
239,137,9,0,0,2,1,3,1.0886629,3
202,71,9,0,0,1,1,1,0.45541972,3
199,120,9,0,0,6,5,1,0.4430521,3
140,73,9,0,0,2,1,1,1.0036957,3
183,66,9,0,0,1,1,3,1.8934586,3
161,73,9,0,0,1,1,1,0.3896817,3
221,69,9,0,0,2,1,1,0.85418403,3
142,140,9,0,0,4,1,2,0.7226494,3
187,120,9,0,0,2,2,1,0.6469289,3
237,137,9,0,0,9,9,3,1.5551589,3
179,69,9,0,0,1,0,1,0.7428667,3
197,121,9,0,0,22,17,1,0.9047208,3
199,97,9,0,0,3,1,1,0.18257418,3
212,68,9,0,0,3,2,2,0.93689704,3
162,66,9,0,0,2,1,9,7.073164,3
128,140,9,0,0,8,7,1,0.29814258,3
243,120,9,0,0,4,4,2,1.8338387,3
166,66,9,0,0,1,1,5,4.959466,3
132,84,9,0,0,3,1.2292727,1,0.45541987,3
155,127,9,0,0,2,2,15.388888,4.144167,3
208,65,9,0,0,1,1,26,25.537477,3
236,77,9,0,0,22,15.472914,8,8.373016,3
127,118,9,0,0,11.555554,10,1,0.6912154,3
146,97,9,0,0,10,5,1,0.5741327,3
201,125,9,0,0,2,1,8.555554,5.725834,3
174,96,9,0,0,2,1,0.944444,0.8798158,3
210,73,9,0,0,1,1,1,0.81649536,3
177,76,9,0,0,1,1,15,11.481388,3
41,75,9,0,0,15,19,27,31.71359,2
245,73,9,0,0,8,6,11,7.6809044,2
254,73,9,0,0,7,8,9,12.33003,2
81,67,9,0,0,1,0.45947185,1,0.5837296,1
234,27,9,0,0,0.8333346,1,2,1.3567389,1
143,20,9,0,0,1.1111158,1,1,0.92895854,1
102,30,9,0,0,1,1,0.6111107,0.7722024,1
108,75,9,0,0,1,0,11.111111,10.014803,1
116,35,9,0,0,1,1,1,0.5443334,1
207,58,9,0,0,1,0,1,0.4216377,1
73,31,9,0,0,1,0,1,0.34426534,1
38,71,9,0,0,1,0,1,0.72008145,1
224,34,9,0,0,1,0.9660913,1.0000013,0.63245475,1
134,54,9,0,0,1,1,1,1.0036972,1
49,40,9,0,0,1,0.42163533,1,0.72265035,1
37,25,9,0,0,1,1,1,0.76011676,1
228,20,9,0,0,1,0,1,0.7527733,1
16,51,9,0,0,1,0,1,0.7226493,1
189,39,9,0,0,1,1,1,0.58372843,1
120,51,9,0,0,1,1,2,0.742867,1
138,21,9,0,0,1,1,1,0.5163958,1
44,33,9,0,0,1,0.9368973,1,0.8541826,1
70,44,9,0,0,2,2,2,2.139576,1
97,21,9,0,0,1,1,1,0.8692265,1
1,45,9,0,0,1,0,1.1111132,0.45541877,1
247,50,9,0,0,0,0,1,0.34426397,1
8,21,9,0,0,1,0,2,1.2186847,1
202,41,9,0,0,1,1,1,1.0255967,1
83,53,9,0,0,1,0.4554187,1,0.4906516,1
159,40,9,0,0,1,1,1,0.17213097,1
126,20,9,0,0,1,1,1,1.1498771,1
174,59,9,0,0,1,0,1,0.8165003,1
197,58,9,0,0,1,1,1,1.0036969,1
128,15,9,0,0,1,0,0.555556,0.6206318,1
125,46,9,0,0,1,0.61161584,2.166668,0.7817352,1
143,34,9,0,0,1,1,1.388888,0.8798136,1
67,32,9,0,0,0.944444,1,2,1.3109215,1
40,57,9,0,0,1,1,1.3888906,0.8004639,1
221,50,9,0,0,0,1,1,0.6885326,1
92,44,9,0,0,1,1,1,1.048809,1
217,23,9,0,0,1,0.61161584,1,0.54772294,1
105,65,9,0,0,0.94444275,0.61161804,1.5000013,1.224745,1
50,50,9,0,0,1,1,1,0.50185025,1
91,19,9,0,0,1,1,1,0.7793644,1
145,33,9,0,0,0.8888893,0.27216268,1,0.6206336,1
127,57,9,0,0,1,1,2,1.1038661,1
138,49,9,0,0,1,1,2,1.0680549,1
245,23,9,0,0,1,0,1,1.224743,1
216,17,9,0,0,1,1,1,1.0201668,1
230,41,9,0,0,1,1,2,1.2412663,1
58,58,9,0,0,1,0.40368605,1,0.8606633,1
238,59,9,0,0,1,0,1.0555559,0.68041223,1
17,18,9,0,0,1,1,1.2777773,1.2546203,1
92,62,9,0,0,2,1,2,0.72008234,1
82,51,9,0,0,1,0,1,0.74286705,1
206,30,9,0,0,0.7777774,1,1,0.54772305,1
107,21,9,0,0,1,1,1,0.4082483,1
118,38,9,0,0,1,1,1,1.0680552,1
186,28,9,0,0,1,0,1,1.29386,1
73,19,9,0,0,1,0,1,0.68041587,1
136,216,9,0,0,3,1,3,2.984528,6
44,162,9,0,0,1,0,2,1.3567389,6
99,160,9,0,0,2,1,3,2.3609476,6
68,172,9,0,0,1.0555553,1,2,1.6996722,6
112,201,9,0,0,3,1,3,1.7847089,6
212,160,9,0,0,1.4444441,1,1,1.7722135,6
115,156,9,0,0,0,0,1,0.6469302,6
200,215,9,0,0,2,1,5,2.6450515,6
252,194,9,0,0,2,1,2,2.0266738,6
119,181,9,0.11111111,0,1,1,3.277777,1.6113026,6
235,249,9,0,0,2,2,3,1.5055449,6
221,201,9,0,0,1,1,2,0.8344436,6
205,204,9,0,0,2,1,2,1.7722135,6
124,201,9,0,0,1.944445,2,2,1.306678,6
94,246,9,0,0,2,2,3,0.77220213,6
145,152,9,0,0,1,1,3,1.1088861,6
71,187,9,0,0,2,2,4,1.8698399,6
4,248,9,0,0,3,2,3,1.2590408,6
28,162,9,0,0,1.1666666,1,1,1.3277662,6
63,158,9,0,0,0.99999934,1,2,1.29386,6
9,180,9,0,0,1,0.7226493,1,0.9831922,6
234,161,9,0,0,1,1,1.6111113,1.4050179,6
52,170,9,0,0,0.55555564,0,1,0.38968262,6
168,209,9,0,0,1,1,0.7222217,0.7123257,6
153,204,9,0.11111111,0,2,2,3.3333333,1.3824291,6
47,175,9,0,0,1.3333327,1,1,0.88819396,6
238,211,9,0,0,1,0,2,1.2546215,6
214,246,9,0,0,3,2,3,1.988857,6
75,240,9,0,0,2,2,2,1.3608272,6
160,168,9,0,0,2,1.1498789,1,0.47140402,6
212,235,9,0,0,1,1.4555132,2,2.2648687,6
215,190,9,0,0,1,1.0417223,3,1.8429048,6
8,226,9,0,0,3,2,1,0.4554203,6
204,156,9,0,0,1,0,2,0.55777323,6
117,224,9,0,0,3,3,3,3.0215273,6
145,248,9,0,0,2,2,2,1.3770607,6
119,169,9,0,0,1,1,0.9999997,0.91893625,6
111,246,9,0,0,3,2,6,4.113663,6
240,190,9,0,0,2,1,1,1.0954453,6
207,215,9,0,0,3,2,2,1.6158936,6
49,240,9,0,0,3.0555553,2,2,1.7437719,6
115,183,9,0,0,1,1,4.722222,1.0201681,6
222,194,9,0,0,2,1,2,1.4207466,6
24,215,9,0,0,1,1,3,1.2590423,6
114,242,9,0,0,3,2,5,1.9206476,6
206,233,9,0,0,1,2,2,0.82775885,6
90,237,9,0,0,2,1,3,2.678446,6
236,240,9,0,0,3,2,3,2.4532666,6
116,203,9,0,0,3,2,3,1.7564695,6
242,164,9,0,0,0,1,3,1.0470421,6
144,187,9,0,0,2,2,6,3.512938,5
154,189,9,0,0,2,1,1,0.8606628,5
140,188,9,0,0,2,2.1081848,3,2.4981472,5
71,197,9,0,0,3,2,5,2.1464868,5
78,201,9,0,0,3,3,5,4.071583,5
38,202,9,0,0,2,1,8,2.5121903,5
173,186,9,0,0,3,2,6,3.5071344,5
63,201,9,0,0,2,2,3,1.656637,5
138,185,9,0,0,3,3,2,2.1542377,5
60,196,9,0,0,1,1,4,1.9962916,5
105,189,9,0,0,2,2,4,3.4555368,5
145,185,9,0.11111111,0,3,2,2,1.9512575,5
61,197,9,0,0,1,2,3,1.9254634,5
86,197,9,0,0.11111111,2,1,1,1.1038647,5
250,176,9,0,0,1.611112,1,3,1.6953092,5
167,189,9,0,0,4,2,4,1.544405,5
136,193,9,0,0,2,1,3,1.408967,5
24,205,9,0,0,2,2,2,2.4892375,5
22,200,9,0,0,3,2,4.8333325,2.622552,5
83,198,9,0,0,2,1,4.833334,3.0092454,5
57,199,9,0,0,4,3,6,3.4667745,5
50,199,9,0,0,3,3,6,4.6159945,5
147,193,9,0,0,7,4,7.055556,5.4095254,5
172,183,9,0,0,2.8888893,2,4.0555553,3.0725813,5
169,184,9,0,0,1,1,2.4999993,1.9293057,5
166,185,9,0,0,1.9444447,0.250924,2,0.21081811,5
28,204,9,0,0,2.0000007,2,3,2.0834446,5
119,196,9,0,0,2.666666,2.1499357,1,1.35674,5
25,198,9,0,0,3,1,4.1111107,3.3444247,5
189,184,9,0,0,2,1,3,2.0073938,5
134,191,9,0,0,1.3888893,1,1,1.0886624,5
197,182,9,0,0,2,1,3,2.8258078,5
73,194,9,0,0,3.222222,2.3349202,5,3.3560352,5
52,196,9,0,0,1,1,7,4.1881666,5
188,182,9,0,0,2,0.7428682,4,2.1265519,5
119,192,9,0,0,2,2,6,2.3261807,5
76,200,9,0,0,3,1,4,2.8828998,5
114,193,9,0,0,3,2,5,2.5011096,5
174,181,9,0,0,3,3,4,2.786875,5
137,190,9,0,0,2,1,2,1.4050181,5
166,182,9,0,0,3,4,4,2.3664315,5
202,182,9,0,0,3,2,3,2.0548048,5
177,181,9,0,0,4,2,3,1.4857335,5
178,183,9,0,0,3,2,5,3.6998506,5
234,175,9,0,0,2,1,3,2.2574966,5
156,188,9,0,0,4,2,5,3.7475924,5
119,191,9,0,0,3,3,5,3.4297178,5
10,207,9,0,0,3,1.3066788,3,3.0086293,5
123,194,9,0,0,3,2,9,7.7133846,5
130,189,9,0,0,2,1,2,2.8100357,5
64,196,9,0,0,3,2.3758044,3,2.2770991,5
143,186,9,0,0,2,2,3,2.5268927,5
176,187,9,0,0,2,2,2.333334,2.0221,5
70,197,9,0,0,3,2,5.277778,3.2756114,5
48,202,9,0,0.11111111,3.3888886,1.6250362,4.8333325,4.091997,5
5,210,9,0,0,2,2,4,2.613356,5
53,198,9,0,0,2,2,5,1.6009259,5
223,175,9,0,0,4,3,7,4.68923,5
148,192,9,0,0,4,2,4.944445,3.866763,5
249,178,9,0,0,2,2,5,4.933632,5
201,183,9,0,0,2,2,2,1.7888557,5
134,194,9,0,0,3,1,5,4.435546,5
252,176,9,0,0,2,1,5.0555553,2.855145,5
93,190,9,0,0,6,2,3,3.234651,5
198,185,9,0,0,1,1.2292717,3,1.656637,5
62,200,9,0,0,2,2,4,1.7847085,5
96,196,9,0,0,3,1,7,3.6782641,5
112,197,9,0,0,4,3,5,3.1227946,5
93,190,9,0,0,6,2,3,3.234651,5
194,183,9,0,0,1,1,3,1.625037,5
121,189,9,0,0,2,2,5,4.007863,5
121,192,9,0,0,3,2,6,2.489237,5
249,173,9,0,0,2,2,4,2.1125717,5
62,202,9,0,0,3,2,1,1.1303879,5
99,198,9,0,0,5.055554,6,6,5.7927146,5
68,198,9,0,0,3,3,3,2.8706684,5
116,192,9,0,0,6,3,4,3.062316,5
61,202,9,0,0,2,2,1.8888887,1.0036967,5
7,203,9,0,0.11111111,3.8888881,2.8570898,5,2.7460413,5
77,199,9,0,0,2.666668,2,4.666666,3.025815,5
42,201,9,0,0,2.1111107,2,4.333332,4.7234635,5
18,209,9,0,0,2.6111119,1,5,2.6722174,5
106,191,9,0,0,3,3.0313168,3,2.896358,5
73,201,9,0,0,1,1,4,2.4555306,5
89,195,9,0,0,3,2,3,1.8226969,5
247,174,9,0,0,3,3,3,1.545604,5
183,182,9,0,0,3,2,4,2.561829,5
168,187,9,0,0,4,2.1679482,3,1.602082,5
105,193,9,0,0,3.222222,1.9051597,3,2.1773255,5
129,188,9,0,0,4,2,4.6111107,2.4075518,5
93,195,9,0,0,2,1,4,2.1230652,5
161,190,9,0,0,3.7777774,2,5,3.7277741,5
251,173,9,0,0,2,2,2,1.2367805,5
239,174,9,0,0,2,1,1,0.85418344,5
56,196,9,0,0,2,1,4,4.3902254,5
87,196,9,0,0,1,1,2,1.6688869,5
32,206,9,0,0,3,2,6,2.8080564,5
42,203,9,0,0,1,1,6,2.4623086,5
139,185,9,0,0,2,1,1,1.9051588,5
104,191,9,0,0,3,2,4,2.9033842,5
17,204,9,0,0,2,1,2,0.7527733,5
162,190,9,0,0,3.0555553,1.0628418,6.1111107,5.2182016,5
96,193,9,0,0,1,1,2,1.8469193,5
219,176,9,0,0,2,2,5,2.8414931,5
36,207,9,0,0,3,3,6,2.8021147,5
191,180,9,0,0,4,1,2,1.1088873,5
190,186,9,0,0,3,2,6,2.8159592,5
85,200,9,0,0,4,4,6,4.327775,5
134,187,9,0,0,2,2,2,1.7847083,5
139,187,9,0,0,2.055556,1,2,1.0697875,5
110,196,9,0,0,4,2,6.888888,4.8610306,5
218,178,9,0,0,1,1,1,0.5443307,5
95,191,9,0,0,3,3,6,5.1854515,5
100,194,9,0,0,1.722222,3,3,1.5006163,5
84,200,9,0,0,5,3,3,1.5311577,5
38,200,9,0,0,3,2,3,1.2049289,5
215,182,9,0,0,3,1,3,1.9823296,5
25,208,9,0,0,6,5,6,3.5527778,5
198,183,9,0,0,1,1,3,1.5974506,5
115,195,9,0,0,3.833334,3,4,1.7051116,5
11,200,9,0,0,3,3.0313182,4,2.480293,5
124,191,9,0,0,4,3,3,2.8001328,5
63,203,9,0,0,4,4,3,4.0368657,5
225,181,9,0,0,1,1,2,1.3291602,5
107,191,9,0,0,4,3,3,2.7862093,5
138,188,9,0,0,2,1,1,0.75030893,5
123,187,9,0,0,3,2,3,1.6555183,5
18,204,9,0,0,3,1.2049277,2.7777774,1.1482679,5
67,194,9,0,0,4,1,6,3.9646575,5
86,193,9,0,0,3,2,2,1.8094397,5
187,180,9,0,0,4,3,3,3.19722,5
4,201,9,0,0,3,2,5,3.1245742,5
175,188,9,0,0,2.9999993,3,2,1.2995725,5
226,176,9,0,0,3,3,2,2.870668,5
4,210,9,0,0,5,4,6,2.184966,5
123,186,9,0,0,4,3.0288742,9,7.9321184,5
153,192,9,0,0,3,2,7.444444,4.1347656,5
203,182,9,0,0,4,3,4,1.705112,5
45,205,9,0,0,2,2,3,2.5298228,5
33,90,9,0,0,0,0.4082481,2,0.5477228,4
121,112,9,0,0,2,2,1,0.2788867,4
34,93,9,0,0,1,0,0,0.38968167,4
195,119,9,0,0,4,1,1,0.91084015,4
22,114,9,0,0,1,1,1,0.40824813,4
61,92,9,0,0,1,1,1,0.6206325,4
45,111,9,0,0,0.49999967,0,1,0.7888104,4
40,142,9,0,0,0.27777782,0,0,0.17213261,4
124,98,9,0,0,1,1,1,1.2938603,4
57,89,9,0,0,2,1,6,4.7034264,4
187,89,9,0,0,2,2,1,0.80046284,4
59,116,9,0,0,3,3,1,0.45542037,4
58,113,9,0,0,3,1,1,0.38968182,4
209,94,9,0,0,1,1,1,0.49065334,4
33,99,9,0,0,2,1,2,1.128749,4
38,134,9,0,0,0,0,0,0.2108186,4
43,141,9,0,0,0,0,0,0.18257418,4
60,116,9,0,0,1,0,1,0.34426582,4
54,142,9,0,0,1,1,2,2.1081848,4
8,93,9,0,0,0.8333333,0,1,0.9289585,4
59,135,9,0,0,0,0,0,0.13608277,4
76,89,9,0,0,1,1,3,2.4532664,4
95,97,9,0,0,1,1,1,0.45541978,4
57,93,9,0,0,0,0,0,0.17213243,4
47,89,9,0,0,1,0,4,3.83792,4
83,96,9,0,0,0,0,1,0.5163983,4
137,92,9,0,0,7,7,1,0.34426498,4
42,133,9,0,0,1,2,2.7222223,3.1581755,4
83,117,9,0,0,2,1.3784049,0.7222223,0.49065298,4
134,93,9,0,0,0,0,1,0.5443307,4
112,120,9,0,0,1,1,2,1.7083671,4
56,141,9,0,0,0,0.18257418,0.33333337,-1.59E-08,4
54,134,9,0,0,0,0,0,0.01851852,4
57,118,9,0,0,3,6,1,0.87407327,4
113,114,9,0,0,1,1,0,0.08888922,4
51,141,9,0,0,1,0,0,0.074074075,4
97,90,9,0,0,2,3,3.6111114,8.507409,4
58,140,9,0,0,0,0.01851852,0.22222225,0.029629627,4
94,135,9,0,0,2,1,1,0.38518512,4
136,92,9,0,0,8,45,1,0.17777748,4
17,94,9,0,0,2,3,1,0.9518536,4
96,141,9,0,0,2,1,0,0.11851848,4
14,135,9,0,0,0,0,0.27777776,0.06296293,4
77,135,9,0,0,0,0,0,0.029629624,4
243,94,9,0,0,1,0,0,0.029629631,4
39,137,9,0,0,0,0,0,0.1074074,4
207,115,9,0,0,1.0555555,0,0,0.033333343,4
76,116,9,0,0,1,0,0,0.07777769,4
123,94,9,0,0,0.50000066,0,1,0.033333335,4
96,94,9,0,0,1,0.28518537,0,0.42963016,4
20,134,9,0,0,1,0,1,0.24074072,4
41,139,9,0,0,0,0,0,0.029629637,4
35,112,9,0,0,1,0,1,0.16296294,4
208,90,9,0,0,3,3,0.72222215,0.06296298,4
6,95,9,0,0,1,1,0,0.06296301,4
188,110,9,0,0,1,1,1,0.9629633,4
33,114,9,0,0,0.55555516,0.07407411,0,0.21111098,4
222,93,9,0,0,1.7222223,0,0,0.033333343,4
90,134,9,0,0,1,0,1,0.37407416,4
242,89,9,0,0,1,0,1,0.5518519,4
58,111,9,0,0,3,3,2,0.9518509,4
199,116,9,0,0,1,0,0,0.029629644,4
79,104,9,0,0,1,0,1.5,1.0111135,3
216,78,9,0,0,1,0,4.3333335,6.355548,3
133,125,9,0,0,1,3,2,1.3185211,3
190,105,9,0,0,2,2,2,1.6777797,3
61,104,9,0.22222222,0,1,0.72962725,1,0.7407405,3
104,129,9,0,0,19,29,1,1.0962967,3
121,107,9,0,0,2,1,13,5.5888996,3
120,124,9,0,0,8.999999,113,11,184.5222,3
224,124,9,0,0,3,10,7,70.1963,3
185,85,9,0,0,9,81,3,9.188898,3
155,138,9,0,0,2,1,1,0.41852024,3
183,105,9,0,0,2,1.1407399,1,0.65185165,3
122,129,9,0,0,2.2777786,1,20,11.944499,3
52,82,9,0,0,3,0,1,0.48888907,3
164,83,9,0,0,3,6,2,0.78518397,3
81,79,9,0,0,0,0,1,0.6518533,3
97,123,9,0,0,2,1,13,108.74074,3
249,87,9,0,0,14,327,13,62.018505,3
198,127,9,0,0,2,4,9,59.54075,3
242,81,9,0,0,2,1,1,0.7407415,3
168,77,9,0,0,1,1,2,1.5851847,3
41,103,9,0,0,2,3,2,1.4962941,3
73,105,9,0,0,2,1,1,0.52222216,3
209,122,9,0,0,0.8333327,0,11,90.829605,3
198,122,9,0,0,2,1,11.444446,103.762955,3
165,96,9,0,0,2,2,2,1.2185229,3
99,103,9,0,0,1,0,1,0.43333372,3
155,135,9,0,0,2,3,1,0.122224174,3
185,118,9,0,0,14,182,1,1.0555547,3
168,70,9,0,0,1,1,0,0.10740789,3
160,73,9,0,0,1,0,1,0.6518517,3
56,107,9,0,0,1,0,5,20.196299,3
206,105,9,0,0,0,0,1,0.15185204,3
144,139,9,0,0,6,3.9444458,1,0.5962944,3
83,83,9,0.11111111,0,1,1,2,3.1111119,3
38,103,9,0,0,1,1,2,1.3962961,3
135,104,9,0,0,1,0,2,0.7111114,3
133,108,9,0,0,1,1,22,104.91862,3
80,83,9,0.11111111,0,2,2,2,0.5666662,3
219,80,9,0,0,1,0,1,0.9333318,3
4,126,9,0,0,1,1,1,0.59629667,3
163,68,9,0,0,2,2.21111,2,0.96296287,3
245,78,9,0,0,2,1,4,5.662962,3
33,108,9,0,0,3,5,7,16.83333,3
252,82,9,0,0,1,0,1,0.47407353,3
169,66,9,0,0,2,2,1,0.41851884,3
236,102,9,0,0,1,0,2,1.229628,3
37,78,9,0,0,1,0,3,2.8740728,3
37,124,9,0,0,1,1.0111091,2,1.8074036,3
146,125,9,0,0,1,0.44444707,2,1.9444479,3
189,124,9,0,0,1,1,1,1.3518513,3
187,106,9,0,0,4,12,7,53.244434,3
68,128,9,0,0,21,6,1,0.8444443,3
185,102,9,0,0,11.055557,73.70736,0,0.20740719,3
120,102,9,0,0,1,0,1,0.177779,3
197,123,9,0,0,1,1,3,1.5555562,3
185,110,9,0,0,18,375,1,0.59629697,3
142,100,9,0,0,1,0,1,0.9074066,0
27,50,9,0,0,1,0,1.0000004,0.48888907,0
19,55,9,0,0,1,3,1,0.862964,0
34,83,9,0,0,1.4444447,0,2,0.42963055,0
82,109,9,0,0,1,0.24074084,1.3333336,0.8000008,0
99,107,9,0,0,2,2,3,2.2666647,0
35,62,9,0,0,0.7777786,1,1,1.051853,0
8,79,9,0,0,1,2,2.111111,0.51851857,0
23,85,9,0,0,1,1,2,0.96296287,0
37,114,9,0,0,1,2.0185165,4,3.7629619,0
1,115,9,0,0,2,2.3888893,2,4.9629602,0
14,60,9,0,0,1,0.78518444,1,0.06296298,0
69,85,9,0,0,3.1111114,8.207409,4,9.440739,0
42,63,9,0,0,2,1,2,2.462962,0
78,69,9,0,0,1,1,2,1.4407405,0
137,66,9,0,0,3,3,3,3.8851848,0
88,89,9,0,0,1,0,4,4.0444417,0
88,71,9,0,0,1,0.785185,5,5.677779,0
88,115,9,0,0,2,2,4.166667,4.2111125,0
13,73,9,0,0,1,1,3,3.1296275,0
127,118,9,0,0,2,2,3.444444,9.496296,0
29,66,9,0,0,3,2,2,5.144446,0
75,67,9,0,0,1,1,2,1.5444458,0
14,110,9,0,0,2,5,3,1.0222229,0
122,91,9,0,0,2,2,2,1.2777776,0
95,100,9,0,0,1,0,1.2222217,1.140741,0
145,102,9,0,0,1,1,3,1.4851857,0
26,93,9,0,0,2,0,2,9.1407385,0
140,103,9,0,0,2,3,1.8333334,2.1666677,0
83,114,9,0,0,1,1,2,0.59629667,0
7,34,9,0,0,2,4,2,2.0333328,0
95,109,9,0,0,1,0,2,2.729629,0
100,111,9,0,0,2,1,2,0.81851804,0
38,106,9,0,0,2,3,2,3.1407404,0
23,86,9,0,0,1,1,2,1.3074087,0
96,84,9,0,0,2,1,1.6111107,2.2851882,0
146,72,9,0,0,1,1,2,0.5777763,0
40,73,9,0,0,1,1,2,2.5074077,0
39,60,9,0,0,2,1,2.444445,1.94074,0
9,92,9,0,0,1,2,2,0.87777764,0
97,77,9,0,0,1,2,4,6.5629597,0
137,94,9,0,0,2,1,4,2.8888905,0
5,92,9,0,0,1,0,2,1.2777781,0
69,92,9,0,0,2,5,2,1.0222219,0
85,56,9,0,0,1,0,1.2777773,1.8407404,0
41,61,9,0,0,2,2,2,1.940741,0
95,57,9,0,0,2,3,2,1.7185175,0
121,113,9,0,0,2,2,3,1.5296295,0
85,101,9,0,0,1,1,1,1.2185181,0
131,86,9,0,0,1,1,2,2.5777786,0
122,106,9,0,0,2,1,2,2.7296302,0
67,61,9,0,0,1,1,1,0.38888904,0
65,54,9,0,0,2,2,3,4.3296285,0
86,74,9,0,0,1,2,1,0.13333334,0
141,89,9,0,0,1,1,2,3.6888885,0
69,74,9,0,0,4,10,2,2.4777777,0
17,64,9,0,0,1,1,2,1.4222221,0
5,101,9,0,0,2,2,2,0.60740685,0
78,108,9,0,0,1,0.43333328,1.6111107,1.1740738,0
127,121,9,0,0,1.6666664,1,2,2.4444427,0
71,90,9,0,0,3,2,5,3.2740743,0
24,58,9,0,0,1,0,1,2.285186,0
4,87,9,0,0,2.7777777,3,3,4.3740745,0
149,117,9,0,0,1,0.2555556,1,0.44444454,0
79,57,9,0,0,2,2,2,1.9740733,0
22,60,9,0,0,1,0,1,0.7296294,0
101,72,9,0,0,3,5,2,6.296294,0
64,74,9,0,0,1,1,1,0.9074071,0
140,116,9,0,0,0.94444495,0,1,0.074074045,0
21,53,9,0,0,1,1,1,0.43333283,0
26,67,9,0,0,1,1,2,3.1851847,0
79,95,9,0,0,2,4,2,7.188887,0
75,59,9,0,0,1,1,3,2.5518503,0
97,86,9,0,0,2,1,4,2.1629639,0
7,114,9,0,0,1,1,2,1.2740738,0
4,40,9,0,0,1,3,1,2.1185184,0
68,117,9,0,0,0,0.20740744,2,2.1518512,0
147,69,9,0,0,2,3,2,2.562964,0
134,104,9,0,0,2,1.8407409,3,3.5555563,0
84,51,9,0,0,2,2,3,0.88888854,0
10,61,9,0.11111111,0,2,3,3,7.185185,0
120,108,9,0,0,1,1,1,0.1518519,0
136,77,9,0,0,2,1,3,5.618516,0
145,101,9,0,0,1,0,2,0.5962954,0
8,102,9,0,0,2,2,2,3.2629614,0
69,81,9,0,0,2,2,2,1.0111104,0
67,64,9,0,0,2,2,2,3.440744,0
90,101,9,0,0,1,0,1.7222223,1.8851866,0
125,56,9,0,0,3,4,3,1.5740722,0
42,56,9,0,0,1,1,1,1.5999998,0
11,108,9,0,0,1,1,1,0.95185167,0
69,75,9,0,0,2,1,2,2.21111,0
2,44,9,0,0,2,2,2,1.5296285,0
139,86,9,0,0,1,1,1.222222,1.3185184,0
13,103,9,0,0,1,1,2,2.1518524,0
89,89,9,0,0,2,2.9074073,3,4.862958,0
96,80,9,0,0,2,4,3,1.9,0
23,88,9,0,0,2,3,3,1.040741,0
24,83,9,0,0,3,5,4,2.3740723,0
89,53,9,0,0,2,2,3,3.0111105,0
97,75,9,0,0,2,2,4,8.296293,0
90,111,9,0,0,2,1,1,1.0222224,0
24,65,9,0,0,1,2,2,2.3555567,0
73,103,9,0,0,1,0,1,1.5407397,0
88,88,9,0,0,1,0,3,2.3851826,0
121,60,9,0,0,2,2,3,2.8740742,0
91,115,9,0,0,2,1,4,2.8296306,0
27,68,9,0,0,1,1,2,5.0962973,0
29,100,9,0,0,2,1,3,3.6444447,0
23,113,9,0,0,1,1,3,2.7851818,0
40,85,9,0,0,1.111111,0.5185188,3,0.6555552,0
30,102,9,0,0,1,0,1.333333,0.7999998,0
77,78,9,0,0,2,2,2,5.8666697,0
96,92,9,0,0,3,3,2,0.6518514,0
147,92,9,0,0,1,0,1.388889,2.240742,0
42,59,9,0,0,2,4,2,0.86296284,0
2,63,9,0,0,1,1,1,0.7000005,0
31,106,9,0,0,2,0.7296303,1,1.1740737,0
33,104,9,0,0,2,1,3,5.040743,0
81,98,9,0,0,1.2222227,0,2,3.2296317,0
6,90,9,0,0,1.9444447,0.5962962,1,1.8222237,0
76,81,9,0.11111111,0,2,2,1,2.3999984,0
145,90,9,0,0,1,1,2,0.399999,0
133,67,9,0,0,1,1,2,1.2296311,0
80,95,9,0,0,1,1,1,0.5518514,0
75,107,9,0,0,1,0,2,1.5407407,0
123,104,9,0,0,2,2,4,2.0000021,0
30,56,9,0,0,2,0,1,1.2777773,0
94,67,9,0,0,3,3,2,1.1851852,0
89,107,9,0,0,1.4444445,1.940741,1.8888894,2.740741,0
86,88,9,0,0,2,2,2,3.3962944,0
65,75,9,0,0,1,0,1,0.19629599,0
149,77,9,0,0,2,4,2,6.0296316,0
141,62,9,0,0,2,2,3,6.3740745,0
98,104,9,0,0,2,4,1,1.3222224,0
23,55,9,0,0,2.2222216,4,2,0.7851852,0
75,75,9,0,0,3,5,2,3.718518,0
89,68,9,0,0,4,3,2.3888886,1.2185171,0
38,41,9,0,0,2,2,2,1.7777781,0
76,64,9,0,0,2,5,3,4.3407397,0
25,116,9,0,0,1,0,5,3.0962973,0
6,51,9,0,0,2,2,2,2.1074073,0
32,45,9,0,0,2,3,3,1.44074,0
149,64,9,0,0,1,1,1,0.46296337,0
29,81,9,0,0,3,4,3,3.7518525,0
2,98,9,0,0,2,1,1,0.5518528,0
2,89,9,0,0,1,2,3,3.4962957,0
85,70,9,0,0,1,1,2,1.1444422,0
70,71,9,0,0,2,1.8074061,3,2.077779,0
69,59,9,0,0,1,1,2,1.4851853,0
14,66,9,0,0,1.5555553,1,1.5,1.0111104,0
127,120,9,0,0,2,1,3,4.0296273,0
35,42,9,0,0,1,0,1,0.5074066,0
70,60,9,0,0,1,1,2.166666,1.3666676,0
12,56,9,0,0,1,0,1,1.0222219,0
149,92,9,0,0,1.2222223,1,2,3.822222,0
80,116,9,0,0,2,2,2,0.87407404,0
98,119,9,0,0,1,1,3,5.585183,0
35,96,9,0,0,2,1,3,3.855554,0
136,70,9,0,0,1,0,1.7222223,2.196296,0
19,63,9,0,0,1,2,2,3.096295,0
75,103,9,0,0,1,2,2,1.0962957,0
67,118,9,0,0,1,0.38518602,2,4.2851844,0
133,96,9,0,0,1,1.0222217,3,3.3629608,0
31,62,9,0,0,2,1,2,0.9666677,0
78,107,9,0,0,1,1,2,1.92963,0
101,80,9,0,0,4,2,3,3.8666666,0
141,68,9,0,0,1,1,2,0.8777791,0
66,101,9,0,0,1,0,2,0.6518524,0
26,91,9,0,0,2,2,3,2.1629624,0
232,126,9,0,0,2,12,1,6.2962966,2
228,123,9,0,0,0,0,0.4444444,0.20740741,2
220,120,9,0,0,0.38888893,0.062962964,0.38888887,0.062962994,2
221,107,9,0,0,1,0,1,0.3444444,2
231,124,9,0,0,3,14.962965,2,6.4333353,2
224,95,9,0,0,1,0,1,0.7296295,2
240,75,9,0,0,29,750,10,99.0963,2
201,120,9,0,0,4,15,4,9.618522,2
233,97,9,0,0,0,0,1,0.20740739,2
235,81,9,0,0,1,0,1,0.2962964,2
226,84,9,0,0,3,4,1.7777778,2.6962967,2
204,116,9,0,0,1,1,1,1.4407407,2
226,110,9,0,0,0,0,0,0.2111111,2
227,69,9,0,0,4,46,4.333333,36.400005,2
241,137,9,0,0,4.277778,19,3.8333333,37.500004,2
235,88,9,0,0,0.6111111,0.24074072,1,0.32962963,2
196,93,9,0,0,1.7777777,2.562963,2,0.92222214,2
237,106,9,0,0,1,0,1,0.47777775,2
207,97,9,0,0,1,1,1,0.4740743,2
206,80,9,0,0,5,15,4,36.12222,2
217,73,9,0,0,1,1,2,0.86296207,2
194,124,9,0,0,1,0,1,0.90740687,2
197,105,9,0,0,4,16,4,14.400001,2
237,137,9,0,0,0.38888887,0.1074074,0.33333334,0.04444445,2
225,91,9,0,0,0.6666667,0,0.6666667,0.31111112,2
203,93,9,0,0,3,6,3,11.674076,2
226,69,9,0,0,19,992,20,1039.5408,2
239,123,9,0,0,1,0,1,0.16666667,2
221,111,9,0,0,0.6111111,0.24074069,0.38888887,0.24074073,2
241,90,9,0,0,5.6666665,23,7,63.76296,2
215,123,9,0,0,0,0,1,0.0444444,2
220,124,9,0,0,0,0.029629631,0,0.07407406,2
217,115,9,0,0,1,0,1,0.38518524,2
242,81,9,0,0,22,189,15,110.8778,2
235,120,9,0,0,0,0,0.49999997,0.30000004,2
214,79,9,0,0,1,1,1,0.53333336,2
196,100,9,0,0,7,83,6,68.87406,2
195,99,9,0,0,3,4,3,4.651851,2
214,121,9,0,0,0,0,0,0.07407408,2
230,98,9,0,0,0,0,0,0.06296294,2
199,100,9,0,0,2,1,2,6.02963,2
234,122,9,0,0,2,8,1,7.574073,2
230,124,9,0,0,0.2777778,0.10740743,0.2777778,0.15185183,2
205,83,9,0,0,25,688,8,121.24443,2
240,79,9,0,0,16.277779,41,14,155.3222,2
226,72,9,0,0,1,1,1,1.4407405,2
228,91,9,0,0,1,0,1,0.38518512,2
224,73,9,0,0,2,1,2,1.0666656,2
234,110,9,0,0,1,0,1,0.56666666,2
201,86,9,0,0,10,223,9,105.54074,2
183,78,9,0,0,1,0,0.7777786,1.2740806,1
181,27,9,0,0,1,0,1,0.25555483,1
236,42,9,0,0,1,0,1,1.4407468,1
254,57,9,0,0,1,1,1,1.0407445,1
18,13,9,0,0,1,0,1,0.16296056,1
189,107,9,0,0,1,1.2888924,1,0.418522,1
98,41,9,0,0,2,1,1,0.87406844,1
222,54,9,0,0,1,0,1,0.84444314,1
181,87,9,0,0,1,0,1,0.20740585,1
155,27,9,0,0,1,0,1,0.25185013,1
7,18,9,0,0,1,1,1,0.37407914,1
173,113,9,0,0,1,0,1,1.0666667,1
139,16,9,0,0,1,0,1,0.06296336,1
206,26,9,0,0,1,1,2,1.4074122,1
64,19,9,0,0,0.9444453,0,2,0.31110966,1
243,48,9,0,0,1,0,1,1.2629704,1
156,32,9,0,0,1,0,3,1.0407379,1
184,15,9,0,0,0.44444528,0,1,0.11851902,1
245,18,9,0,0,1,1,1,0.21111068,1
191,47,9,0,0,0,0,1,0.38518983,1
180,97,9,0,0,1,0,1,0.6666667,1
122,11,9,0,0,1,0,3,5.051852,1
145,34,9,0.11111111,0,1,0,2,1.1407446,1
193,35,9,0,0,0,0,1,0.28518334,1
181,15,9,0,0,1,0,1,1.2296315,1
235,22,9,0,0,1,0,1,0.48888424,1
240,26,9,0,0,1.2222239,1,1,0.20741068,1
172,31,9,0,0,1,0,1,0.7111098,1
209,11,9,0,0,1,0,2,3.8555522,1
179,101,9,0,0,0,0,1,0.32963282,1
174,77,9,0,0,1,0,1,1.3518436,1
181,115,9,0,0,0,0.029630082,1,1.2296361,1
194,57,9,0,0,1,0,1,0.38889033,1
72,31,9,0,0,1,1,1,0.7111079,1
63,13,9,0,0,1,1,1,0.68518674,1
252,27,9,0,0,1,1,1,0.5777743,1
101,42,9,0,0,1,1,1,0.7444422,1
245,47,9,0,0,0.8333308,0.12222265,1,0.48888817,1
248,53,9,0,0,0.722229,0,1,0.70000815,1
252,36,9,0,0,1,0,1,0.22221552,1
186,46,9,0,0,1,0,1,0.8629481,1
243,41,9,0,0,1,0,0,0.15185194,1
94,13,9,0,0,1,1,2,1.2444407,1
225,22,9,0,0,1,0,0.7222214,0.1074089,1
200,245,9,0,0,1,0.9222229,1,0.5074078,6
251,215,9,0,0,2,2,3,2.518517,6
153,208,9,0,0,2,2,2,3.0851858,6
245,249,9,0,0,2,1,1,0.61111146,6
101,197,9,0,0,4,8,5,6.418518,6
224,242,9,0,0,2,1,2,3.2740743,6
192,239,9,0,0,2,2,2,1.3074071,6
217,208,9,0,0,3,2,3,2.4444458,6
197,229,9,0,0,1.3888885,2,1,0.5666664,6
21,216,9,0,0,4,0.69999796,1,0.47777775,6
142,208,9,0,0,1.9444442,3,2,1.3222219,6
94,215,9,0,0,3,5,2,1.1296293,6
233,211,9,0,0,2.6666667,6,2,1.7333333,6
72,191,9,0,0,1.2777777,1,3,4.6074066,6
160,210,9,0,0,2,1,1,1.0074075,6
39,246,9,0,0,2,3,2,2.4333339,6
34,196,9,0,0,1,2,2,1.2185196,6
214,236,9,0,0,1,0,4,1.3629639,6
159,180,9,0,0,2,1,3,3.3962972,6
60,181,9,0,0,2,1,3,2.0888875,6
20,248,9,0,0,1.8333335,1,2,1.5999992,6
197,236,9,0,0,2,7,3,7.599998,6
174,178,9,0,0,1,2.6851842,5,10.4,6
116,245,9,0,0,1,1,2,3.940739,6
115,202,9,0,0,2,0,2,2.596295,6
21,232,9,0,0,2,3,2.277778,2.3740737,6
244,211,9,0,0,2,1,2,2.311112,6
163,177,9,0,0,1,1,3,0.7888896,6
188,186,9,0,0,0.88888836,0,0.77777797,0.2074075,6
86,194,9,0,0,1.777778,1.2740743,2,0.38518524,6
116,211,9,0,0,2,1,2,1.7074069,6
146,238,9,0,0,2,0.59629667,3,1.8666656,6
128,175,9,0,0,2.1666667,4,3,4.3296275,6
164,178,9,0,0,1,1,3,1.4555563,6
202,208,9,0,0,2,1,2,3.0555542,6
111,235,9,0,0,1.6111107,1,3,2.5518525,6
45,185,9,0,0,2,4,2,2.6851857,6
80,184,9,0,0,3,12,4,5.8555503,6
196,182,9,0,0,1,0,1,0.37407404,6
6,217,9,0,0,2,5.0962963,4,12.50741,6
26,211,9,0,0,2,1,2,1.8222221,6
117,246,9,0,0,2,6,2.6666665,5.866666,6
162,227,9,0,0,1,1,3,8.611113,6
225,222,9,0,0,1.5,0,2,1.7185186,6
94,136,9,0,0,0,0.029629637,0,0.029629637,4
211,139,9,0,0,0.33333334,0.0888889,0,0.06296302,4
195,136,9,0,0,1.1666666,1,1,0.47777748,4
37,130,9,0,0,1,1,1.2777777,0.951852,4
129,136,9,0,0,2,2,1,0.1222222,4
94,140,9,0,0,0,0,0,0.044444434,4
90,134,9,0,0,0,0,1,0.1518523,4
159,138,9,0,0,0,0.16666667,0,0.13333334,4
169,136,9,0,0,0,0,1,0.21111113,4
121,134,9,0,0,0.22222228,0.029629644,0.8333333,0.07777786,4
42,135,9,0,0,0,0,0,0.16296294,4
34,131,9,0,0,0,0,1,0.5518518,4
117,137,9,0,0,0,0.07407406,1,0.17777774,4
223,141,9,0.11111111,0,2,2,1,0.16296323,4
46,131,9,0,0,0,0,2,1.8518522,4
56,140,9,0,0,1,0.46296272,0,0.06296294,4
43,137,9,0,0,0,0,1,1.7518517,4
170,139,9,0,0,1,1,1,0.28518504,4
119,138,9,0,0,0.77777785,1,1,0.2851852,4
104,137,9,0,0,0,0,0,0.1518518,4
53,134,9,0,0,2,0,0,0.018518496,4
54,133,9,0,0,2,1,0.50000006,0.3444443,4
9,130,9,0,0,0,0,3,6.240745,4
68,135,9,0,0,1,0.47777793,0,0.2666667,4
108,138,9,0,0,0,0,1,0.12222223,4
96,135,9,0,0,0,0,0,0.033333324,4
84,134,9,0,0,0,0,1,0.1518519,4
10,137,9,0,0,1,0,0,0.018518511,4
96,123,9,0,0,1,0,2,2.0777776,3
109,130,9,0,0,1,1,10,21.762964,3
183,153,9,0,0,5,12,3,6.8888917,3
66,160,9,0,0,3,4,3,0.4296295,3
99,156,9,0,0,2,2.6407394,3,5.1888895,3
58,146,9,0,0,4,7,3,4.6555552,3
217,148,9,0,0,2,3,1,0.5074078,3
44,125,9,0,0,1,0,0,0.16296282,3
137,147,9,0,0,2,1,2,2.8185174,3
45,149,9,0,0,3,3,1,0.2666663,3
21,147,9,0,0,2,2,1,0.8444448,3
217,130,9,0,0,2,3,1,0.4740743,3
81,158,9,0,0,3,1,1.4444447,1.7629628,3
118,126,9,0,0,1,0.39999974,2,2.1222224,3
99,149,9,0,0,4,5,2.111111,1.5851847,3
129,157,9,0,0,2,4,2.222222,1.718518,3
107,146,9,0,0,2,1,2,1.3185171,3
12,154,9,0,0,3,3,2,3.200002,3
41,150,9,0,0,2,2,2,1.4999995,3
14,146,9,0,0,1,0,1,0.7407407,3
163,151,9,0,0,4,11,2,2.2518542,3
212,152,9,0,0,5,8,2,3.2629645,3
62,140,9,0,0,2,1,1,0.68518525,3
60,126,9,0,0,1,1,1,0.16296288,3
21,123,9,0,0,1,0,1,0.3555552,3
59,139,9,0,0,7,7,2,0.80000025,3
229,147,9,0,0,4,14,3,1.2777781,3
190,136,9,0,0,2,2,3,0.61111045,3
68,157,9,0,0,6,14.344446,1.388889,1.6629623,3
136,129,9,0,0,2,3,2,3.1555579,3
193,154,9,0,0,2,3,2,1.8666656,3
233,154,9,0,0,4,11.618519,1,0.577778,3
59,87,9,0,0,11.166667,85,13,70.02964,2
132,91,9,0,0,19,189,33,889.3629,2
139,128,9,0,0,3,8,3,12.433335,2
118,133,9,0,0,0,0,0,0.029629631,2
55,80,9,0,0,2,4,2,1.0999995,2
3,91,9,0,0,2,5,1,1.9555557,2
58,95,9,0,0,2,1.6333324,1.9444445,0.68518573,2
98,144,9,0,0,0.22222221,0.029629648,0.33333334,0.08888887,2
114,102,9,0,0,1,1,1,0.877778,2
25,91,9,0,0,2,4,1,0.99629617,2
78,99,9,0,0,2,8,3.0555553,14.7740755,2
14,120,9,0,0,0,0,0,0.29629624,2
18,123,9,0,0,1,1,1,0.41851848,2
35,76,9,0,0,8,192,8,201.72226,2
123,136,9,0,0,1,1,0.6666666,1.3333331,2
36,145,9,0,0,0,0.19629629,1,2.0629628,2
133,102,9,0,0,22,375,30,488.02975,2
70,98,9,0,0,1,2,2,1.3185183,2
81,122,9,0,0,7,65,5,42.255566,2
49,95,9,0,0,2,6,3,3.2888885,2
20,137,9,0,0,0,0.029629631,0.27777782,0.018518519,2
95,141,9,0,0,1,0.24074078,1,0.1518519,2
55,108,9,0,0,6,23,3,10.107411,2
18,142,9,0,0,1,0.65185183,0,0.15185186,2
96,96,9,0,0,1,2,1,0.29999986,2
19,145,9,0,0,1,1.674074,2,4.3851857,2
3,78,9,0,0,15,356,43,662.35547,2
50,109,9,0,0,2.222222,1,2,5.911112,2
41,77,9,0,0,2,1,2,1.5740745,2
60,132,9,0,0,0,0,0,0.029629637,2
100,111,9,0,0,4,21,4,19.496296,2
37,76,9,0,0,2,1,2,1.8111115,2
2,88,9,0,0,4,7.218519,2,5.855556,2
139,121,9,0,0,1,0,1,0.83333385,2
31,96,9,0,0,2,4,2.7777777,6.162962,2
26,137,9,0,0,0,0.018518524,0.11111113,0.029629637,2
68,107,9,0.11111111,0,1,3,1,2.5629632,2
130,102,9,0,0,7,74,9,90.91857,2
127,81,9,0,0,24,442,22,263.09634,2
74,129,9,0,0,0,0,0,0.029629635,2
75,98,9,0,0,4,46,5,39.288876,2
39,77,9,0,0,2,2,2,0.7740743,2
49,116,9,0,0,1.3333334,0,2.111111,1.3185191,2
31,68,9,0,0,28,203,18,338.64075,2
94,144,9,0,0,0,0,0,0.1666667,2
75,131,9,0,0,0,0,0,0.04444442,2
122,123,9,0,0,1,0,0,0.21111104,2
76,106,9,0,0,2,4,2,3.718517,2
82,138,9,0,0,1,1,1,0.3851853,2
106,136,9,0,0,0,0,0,0.1074074,2
95,95,9,0,0,1,1,1,0.25185192,2
120,89,9,0,0,4,10,6,11.85555,2
7,134,9,0,0,0.055555563,0.018518524,0.055555556,0.01851852,2
99,132,9,0,0,0,0,0.5555555,0.7851854,2
52,102,9,0,0,1,1,1,0.5666668,2
127,143,9,0,0,2,0,1,0.60740745,2
78,100,9,0,0,2,8,3,8.829631,2
72,111,9,0,0,1,0,1,1.396296,2
129,91,9,0,0,27,752,25,377.9295,2
33,142,9,0,0,0.11111113,0.029629637,0.11111113,0.029629637,2
87,135,9,0,0,0,0,0,0.17777777,2
138,137,9,0,0,2,2,1,0.17777735,2
40,95,9,0,0,1,2,2,1.2185184,2
127,120,9,0,0,1,0,1,0.5962963,2
96,133,9,0,0,0,0,0,0.029629637,2
4,96,9,0,0,2,3,2,2.2518516,2
108,144,9,0,0,0,0,0,0.07407406,2
42,138,9,0,0,0,1.1851856,0.44444445,1.1851853,2
61,119,9,0,0,0.83333325,1,1,0.95185167,2
131,125,9,0,0,1,0,0,0.30000004,2
58,124,9,0.11111111,0,1,1,1,0.47407404,2
6,120,9,0,0,0,0,0.5,0.077777766,2
97,123,9,0,0,0,0,0,0.077777766,2
80,87,9,0,0.11111111,24,573,44.722225,1386.3292,2
30,91,9,0,0,3,6,3,9.040739,2
37,120,9,0,0,1,0,1,0.46296284,2
115,138,9,0,0,0,0,0,0.1777778,2
54,138,9,0,0,0,0.29629624,0.38888893,0.4185185,2
1,81,9,0,0,12,267,9,205.36296,2
128,116,9,0,0,1,1,0.8333333,0.9222224,2
51,115,9,0,0,1,0,1,0.6851847,2
16,82,9,0,0,4,41,6,66.65185,2
17,124,9,0,0,1,1,1,0.7851852,2
2,96,9,0,0,4,13,2,7.5111103,2
58,109,9,0,0,1,0,3,1.677777,2
48,79,9,0,0,2,2,1,1.3222216,2
132,134,9,0,0,3,3,2,1.5444443,2
31,88,9,0,0,1,1,2,1.9888896,2
10,94,9,0,0,0,0,0.72222227,0.1962963,2
140,125,9,0,0,1,0,3,3.7777781,2
9,80,9,0,0,3,14,17,71.5111,2
124,101,9,0,0,3,28,6,59.496284,2
150,144,9,0,0,1,0,1,0.15185197,2
110,92,9,0,0,2,4.0296297,2,3.529629,2
27,106,9,0,0,1,0,1,0.5962963,2
126,80,9,0,0,21,530.5518,35,409.39636,2
2,114,9,0,0,1,0,0,0.06296296,2
19,90,9,0,0,1,2,1,2.1185184,2
59,99,9,0,0,1,1,1,0.3555556,2
113,96,9,0,0,1,1,1,0.34074047,2
100,115,9,0,0,1,0,1,0.32962963,2
118,85,9,0,0,3,4,2,6.8185186,2
113,128,9,0,0,0,0,0,0.15185186,2
26,120,9,0,0,0.77777773,1,1,1.0555556,2
49,112,9,0,0,1,1,2,1.7185184,2
54,126,9,0,0,1,0,0,0.16666673,2
26,82,9,0,0,2,0,2,4.3851857,2
32,95,9,0,0,1,1,2,3.096295,2
46,88,9,0,0,2,1,2,1.2740738,2
68,109,9,0,0,2,3,1,1.8962961,2
11,118,9,0,0,0,0,0.38888893,0.06296293,2
28,114,9,0,0,1,0,1,0.25555548,2
38,116,9,0,0,1,0,1,1.0962965,2
48,85,9,0,0,3,13,2,6.862964,2
18,90,9,0,0,1,0,1,0.22222227,2
23,113,9,0,0,1,0,1,0.48888886,2
95,127,9,0,0,0,0,0,0.02962962,2
137,105,9,0,0,11,17,31,650.42957,2
17,110,9,0.11111111,0,1,1.2629629,3,2.9962952,2
132,124,9,0,0,0,0,0,0.074074045,2
75,122,9,0,0,1,0,1,0.38888904,2
48,83,9,0,0,2,4,2,1.6888885,2
78,99,9,0,0,2,8,3.0555553,14.7740755,2
45,89,9,0,0,1,0,1,0.47407398,2
5,118,9,0,0,0,0,0,0.0888889,2
35,135,9,0,0,0,0.118518546,0.22222225,0.118518546,2
56,107,9,0,0,5,13,6.7777786,23.185177,2
73,117,9,0,0,2,1,1,0.7740742,2
71,95,9,0,0,2,4,3,3.5555563,2
81,126,9,0,0,2,1,1,0.28518513,2
54,91,9,0,0,1,2,0.8333333,0.25555572,2
82,120,9,0,0,6,47,6,60.06297,2
68,103,9,0,0,1,1,1,0.96296334,2
126,141,9,0,0,1,1,1,0.8296295,2
44,123,9,0,0,1,1,1,0.8444444,2
33,117,9,0,0,0,0,0,0.029629635,2
6,81,9,0,0,4,9,6,28.50741,2
96,119,9,0,0,0,0.08888888,1,0.20740744,2
53,135,9,0,0,1,0,0,0.08888893,2
140,124,9,0,0,1,0,1,1.0518516,2
63,122,9,0,0,0,0,0,0,2
98,107,9,0,0,5,4,4,17.12963,2
55,93,9,0,0,1,0,1,1.7962962,2
49,139,9,0,0,0,0,0,0.0888889,2
112,102,9,0,0,1,0,2,0.4740743,2
23,129,9,0,0,1,0,0,0.15185186,2
18,83,9,0,0,6,10,13,28.785189,2
108,59,9,0,0,1,0,1,0.2851855,1
69,17,9,0,0,1,0,1,0.3111077,1
29,52,9,0,0,0,0,1,0.17777863,1
157,57,9,0,0,1,0,1,0.8296261,1
199,66,9,0,0,1,1.5740702,1,2.8740733,1
141,31,9,0,0,1,0,1,1.1851845,1
63,13,9,0,0,1,0,1,1.011112,1
124,29,9,0,0,1,1,1,0.90741664,1
166,55,9,0,0,1,0.8185244,1,0.70000154,1
84,40,9,0,0,1,0,1,2.1185126,1
231,49,9,0,0,1,0,1,0.26666775,1
163,43,9,0,0,1,0,1,0.6111112,1
172,60,9,0,0,0.8333333,0.38888627,1,0.32962748,1
9,72,9,0,0,0.7777774,0.562961,1,0.7444466,1
75,49,9,0,0,1,0,1,0.70000154,1
192,40,9,0,0,1,0,1,0.4888911,1
201,40,9,0,0,1,1,1,1.5444428,1
239,32,9,0,0,0.7777786,0,2,1.1888878,1
131,15,9,0,0,1,1,2,2.162973,1
96,13,9,0,0,0.8333308,0.47777966,1,0.20740579,1
178,43,9,0,0,1,1,1,0.7407369,1
92,56,9,0,0,0.44444275,0,1,0.5666677,1
115,75,9,0,0,1,1,1,0.59629595,1
105,62,9,0,0,1,0,1,0.83333385,1
115,39,9,0,0,1,0,1,0.47407454,1
93,46,9,0,0,2,2,1.7777786,1.8074079,1
143,24,9,0,0,1,1,1,1.1407489,1
140,25,9,0,0,0.99999875,1,1,0.118517555,1
67,71,9,0,0,2,1,1,0.29999846,1
205,47,9,0,0,1,1,2,0.8296282,1
251,24,9,0,0,1,1,2,0.41851908,1
212,48,9,0,0,1,0,1,0.07407382,1
224,63,9,0,0,0.77777606,0,1,0.17777742,1
92,68,9,0,0,1,0,0.7777786,0.6518519,1
147,51,9,0,0,1,1,1,1.9444356,1
121,62,9,0,0,1,0,1,0.5629625,1
3,21,9,0,0,0,1,1,0.11851781,1
36,21,9,0,0,1,1,1,0.48888856,1
79,47,9,0,0,1,0,1,1.155558,1
84,65,9,0,0,0.7222214,0.37407157,2,0.7111089,1
31,42,9,0,0,1,1,1,0.7740725,1
58,19,9,0,0,2,0,1,1.2777733,1
204,12,9,0,0,0.7777774,1,2,0.78518295,1
51,15,9,0,0,1,0,1,0.7851845,1
27,62,9,0,0,1,1,2,1.3333359,1
188,35,9,0,0,1,1,1,0.56296283,1
168,13,9,0,0,1,0,1,0.40000203,1
164,49,9,0,0,1,0,1,0.30000052,1
78,72,9,0,0,1.111112,1,1,0.7296313,1
51,56,9,0,0,1,0.16296297,1,0.10740789,1
103,39,9,0,0,0,0,1,0.42962748,1
102,73,9,0,0,0,0,2,1.218518,1
112,35,9,0,0,1.1111107,1,1,0.82963103,1
120,17,9,0,0,1.3888868,1,2,1.1407349,1
206,57,9,0,0,1.0555573,0.19629708,0.8888893,0.34074333,1
22,57,9,0,0,0.88888806,0.74074185,1,0.4888892,1
93,29,9,0,0,1,1,1,1.5740819,1
217,45,9,0,0,1,0,2,0.8296282,1
71,180,9,0,0,1,1,3,1.8666646,6
192,157,9,0,0,1,1,1,0.16296285,6
93,236,9,0,0,2,3,2,0.93333334,6
81,229,9,0,0,2.4444444,1,2,3.218518,6
20,170,9,0,0,0.7777777,1,1,0.56296223,6
226,233,9,0,0,3,1,2,1.0962962,6
231,233,9,0,0,1,1,1.1666664,0.3444444,6
107,210,9,0,0,1,1,2,0.65555495,6
140,181,9,0.11111111,0,1,0,1.2777777,1.7074063,6
115,183,9,0,0,1,0,1.9999996,1.4666661,6
248,149,9,0,0,1,1,1,0.6407406,6
103,216,9,0,0,1,1,2,1.1444442,6
36,243,9,0.11111111,0,2,1.8518513,2,0.7111104,6
148,169,9,0.11111111,0,1,1,1.833333,2.6111097,6
209,249,9,0,0,2,4,3,4.2074075,6
172,218,9,0,0,3,2,2,2.418518,6
89,221,9,0,0,1,1,1,1.5851862,6
180,224,9,0,0,4,4,4,5.618522,6
152,220,9,0,0,1,1,1,2.1629636,6
124,183,9,0,0,2,0,2,4.196296,6
200,165,9,0,0,2,3.9740758,2,0.9185186,6
58,232,9,0,0,3,1,3,0.829629,6
231,198,9,0,0,1,0,1,1.2296298,6
186,218,9,0,0,1,1,1,0.65555507,6
250,172,9,0,0,1,1,1,0.7111102,6
114,181,9,0,0,1,0,1,1.0962963,6
49,148,9,0,0,1,0,7,33.422226,6
25,199,9,0,0,1,1,1,0.4629626,6
131,208,9,0,0,1,0,1,0.24074061,6
216,169,9,0,0,1,0,2,0.41851807,6
186,173,9,0,0,1,1,2,1.9851853,6
6,174,9,0,0,2,1,3,4.0296297,6
241,218,9,0,0,2,3,2,1.0222222,6
159,210,9,0,0,1,1,2,2.1629632,6
9,236,9,0,0,2,3,3,5.5296316,6
157,184,9,0,0,1,1,1,0.8444448,6
96,236,9,0,0,2,4,2,1.1296297,6
93,231,9,0,0,2,2,2.6666667,3.1555562,6
44,157,9,0,0,0.83333397,0,3,7.6185203,6
103,226,9,0,0,2,2,2,1.7518508,6
94,224,9,0,0,1,1.8407407,1,0.5518519,6
205,156,9,0,0,2,1,2,2.3555562,6
208,240,9,0,0,1,1,2,5.007407,6
179,150,9,0,0,1,0,2,1.6185163,6
230,180,9,0,0,1,1,2,1.2629623,6
211,206,9,0,0,1,1,2,1.1000005,6
163,166,9,0,0,2,1,2,1.0518519,6
52,185,9,0,0,2,1,1,0.95185256,6
57,177,9,0,0,1,1,1,1.71852,6
128,196,9,0,0,2,1,2,3.851853,6
46,235,9,0,0,2,2,2,3.574073,6
152,199,9,0,0,1,1,1,0.2555551,6
72,222,9,0,0,2,3,2,2.2851844,6
158,219,9,0,0,2.277778,4,2,4.074075,6
234,177,9,0,0,1,0,1,0.5629634,6
140,247,9,0,0,3,3.1888885,3,3.555555,6
231,160,9,0,0,3,8,13,139.85553,5
247,159,9,0,0,3,5,16,168.95189,5
214,161,9,0,0,4,1,12,18.922234,5
145,163,9,0,0,3.1111114,13,19,27.244467,5
204,161,9,0,0,1,1,9,73.0963,5
141,163,9,0,0,1,0,19,1.851823,5
197,161,9,0,0,2,6,12,99.63333,5
151,163,9,0,0,2.0555556,2,18,41.988934,5
192,162,9,0,0,2.3888886,2.1962967,15,219.57411,5
223,161,9,0,0,1,3,9,31.022234,5
196,161,9,0,0,3,6,12,93.98522,5
142,163,9,0,0,1,0.87777835,18,3.2444987,5
201,161,9,0,0,3,1,12,96.65553,5
37,165,9,0,0,2,8,16,23.89629,5
186,162,9,0,0,2,1,12,66.818535,5
248,160,9,0,0,3,9,2,3.7666693,5
195,161,9,0,0,2,2,10,91.32222,5
181,162,9,0,0,3,7,13,9.662939,5
190,162,9,0,0,2,4,14,155.12964,5
149,163,9,0,0,2.6111107,12,14,48.8889,5
187,162,9,0,0,2,1.1444442,12,73.1111,5
239,160,9,0,0,2,1,6,4.5962973,5
254,159,9,0,0,4,8,15,152.7,5
179,162,9,0,0,2,1,14,5.929622,5
180,162,9,0,0,3,6,13,9.396256,5
254,159,9,0,0,4,8,15,152.7,5
191,162,9,0,0,3,2,14,210.92223,5
137,163,9,0,0,1,1,19,5.5407553,5
250,160,9,0,0,2,1,2,2.740741,5
195,161,9,0,0,2,2,10,91.32222,5
174,112,9,0,0,2,1,1,0.79999924,4
187,135,9,0,0,3,2.4629648,0.8333337,0.47777787,4
162,94,9,0,0,10,39,1,0.25185204,4
172,138,9,0,0,2,10,8,49.633343,4
235,88,9,0,0,0,0,0,0.074074045,4
239,93,9,0,0,3,13,1,0.86296237,4
237,91,9,0,0,1,0,1,0.19629624,4
203,133,9,0,0,0,0,0,0.029629635,4
187,134,9,0,0,3,2,1,0.38518462,4
184,91,9,0,0,1,0,0,0.10740757,4
239,110,9,0,0,0,0,0,0.029629655,4
235,86,9,0,0,0,0,0,0.062963,4
201,133,9,0,0,1,0,0,0.07407406,4
167,135,9,0,0,1,0,1,0.15185179,4
166,110,9,0,0,1,0,2,2.2962978,4
238,86,9,0,0,0,0.02962958,0,0.044444356,4
174,115,9,0,0,2,3,4,12.266669,4
165,119,9,0,0,1,2,1,0.829629,4
211,107,9,0,0,3,2,2,2.818519,4
219,133,9,0,0,1,0,0,0.029629659,4
174,113,9,0,0,2.4999993,1.01111,1,0.9333328,4
169,137,9,0,0,2,0,8,50.07408,4
250,87,9,0,0,1,0,1,0.37407398,4
245,129,9,0,0,0,0,0,0,4
237,83,9,0,0,1,0,5.8333335,20.922216,4
212,94,9,0,0,2,2,1,0.962962,4
173,90,9,0,0,1,0,1,0.3444444,4
210,114,9,0,0,1,1,0.61111087,0.06296301,4
241,135,9,0,0,0.22222225,0.029629627,0.16666667,0.07777778,4
247,92,9,0,0,1,1,0,0.118518606,4
186,89,9,0,0,1,0.19629638,1,0.28518525,4
236,115,9,0,0,4,4,0,0.07407387,4
189,79,9,0,0,3,2,1,0.75555575,3
190,81,9,0,0,1,1,2,0.34444275,3
180,123,9,0,0,2,2,1,0.5185183,3
187,80,9,0,0,1,1,1,0.7111086,3
176,100,9,0,0,2,1,1,0.6518514,3
238,98,9,0,0,1,1,1,0.5962972,3
219,126,9,0,0,0,0,14.055554,44.374123,3
217,77,9,0,0,1.5555553,2.74074,2,0.53333336,3
203,120,9,0,0,3,4,4,9.262964,3
201,125,9,0,0,1,0,10,103.751854,3
169,102,9,0,0,1,0.35555485,1,0.2962955,3
199,120,9,0,0,3,4,8,53.95558,3
22,116,9,0,0,0,0,0,0.13333334,0
147,111,9,0,0,0.38888893,0.1518518,0,0.118518546,0
28,131,9,0,0,0,0,1,0.20740731,0
100,124,9,0,0,0,0,0.99999994,0.4444444,0
178,122,9,0,0,1,0,1,0.11851851,0
216,126,9,0,0,1,0,1,0.07407395,0
201,135,9,0,0,1,0,1,0.074073985,0
108,123,9,0,0,1,0,1,0.26666668,0
76,135,9,0,0,0,0.11851851,1,0.1222222,0
65,143,9,0,0,0,0,0,0.074074075,0
120,136,9,0,0,1,0,1.0000001,0.4444444,0
238,118,9,0,0,0,0,1,0.07407411,0
146,140,9,0,0,1.0555557,0,1,0.57777774,0
37,126,9,0,0,0.38888898,0.06296298,0,0.25185186,0
240,145,9,0,0,0,0,1,0.12222223,0
29,111,9,0,0,0,0,1,0.15185188,0
38,146,9,0,0,0.4999999,0,1,0.26666668,0
33,117,9,0,0,1,0.12222214,1,0.31111106,0
60,131,9,0,0,0.33333334,0,0,0.08888887,0
23,147,9,0,0,0,0,1,0.41851825,0
29,111,9,0,0,0,0,1,0.15185188,0
107,129,9,0,0,1,0.56296325,1,0.8740743,0
30,124,9,0,0,1,0.10740735,1,0.10740747,0
32,113,9,0,0,1,0,0,0.15185188,0
217,145,9,0,0,1,0,0.72222215,0.06296298,0
28,112,9,0,0,1,0,1,0.16296297,0
183,111,9,0,0,1,0,1,0.50740737,0
154,128,9,0,0,1,0,0,0.044444434,0
117,147,9,0,0,1,0,0.77777785,0.5629629,0
96,115,9,0,0,0,0,0,0.17777777,0
35,132,9,0,0,0,0,0,0.16296294,0
227,118,9,0,0,0,0,1,0.10740725,0
14,134,9,0,0,0,0,0.38888893,0.062963024,0
109,126,9,0,0,1,0,1,0.35555547,0
176,132,9,0,0,1,0,1,0.3296295,0
104,122,9,0,0,0,0,0,0.1666666,0
231,123,9,0,0,1,0,0,0.15185189,0
138,133,9,0,0,1,0,1,0.21111093,0
59,111,9,0,0,0,0,0,0.12222217,0
55,128,9,0,0,0,0,0,0.1518518,0
151,114,9,0,0,1,0,1,0.53333306,0
177,131,9,0,0,0,0,1,0.20740739,0
71,113,9,0,0,1,0,1,0.1518519,0
217,122,9,0,0,0.33333316,0,1,0.3,0
178,128,9,0,0,0,0,1,0.2074075,0
23,142,9,0,0,0,0,1,0.37407392,0
156,123,9,0,0,0.38888884,0,0.38888893,0.062963024,0
144,118,9,0,0,0.5555556,0,1,0.4,0
228,143,9,0,0,1,0,1,0.31111094,0
13,142,9,0,0,0,0,1,0.15185152,0
62,144,9,0,0,0,0,1,0.32962963,0
228,114,9,0,0,0,0.06296294,1,0.12222214,0
189,115,9,0,0,0,0,0,0.13333328,0
33,149,9,0,0,1,0,1,0.15185171,0
151,147,9,0,0,0,0,1,0.10740744,0
16,117,9,0,0,0,0,1,0.2111111,0
18,145,9,0,0,0.38888896,0,1,0.3740741,0
105,110,9,0,0,1,0,2,2.3740728,0
186,130,9,0,0,1,0,0.38888893,0.15185189,0
57,117,9,0,0,0,0,0.38888893,0.06296291,0
95,131,9,0,0,1,0.162963,1,0.7111112,0
225,143,9,0,0,0.4444445,0.20740739,0.44444442,0.1629629,0
193,142,9,0,0,0,0,2,0.15185216,0
34,115,9,0,0,1,0,0.7777779,0.60740745,0
112,114,9,0,0,1,0,1,0.0444444,0
104,124,9,0,0,1,0,1,0.31111106,0
148,116,9,0,0,0,0,1,0.6111109,0
146,140,9,0,0,1.0555557,0,1,0.57777774,0
154,120,9,0,0,0,0,0,0.11851845,0
227,116,9,0,0,0,0,0,0.07407413,0
226,141,9,0,0,0,0,0.7777776,0.38518524,0
196,129,9,0,0,0.83333325,0,1,0.17777774,0
239,122,9,0,0,0,0,0,0.17777774,0
34,128,9,0,0,0,0.118518494,1,0.48888892,0
105,139,9,0,0,0,0,1,0.52222216,0
72,118,9,0,0,0,0,1,0.11851845,0
16,128,9,0,0,1,0,1,0.31111118,0
138,116,9,0,0,1,0,0,0.20740739,0
161,136,9,0,0,1,0,0,0.074074,0
104,136,9,0,0,1,0,1,0.08888887,0
77,124,9,0,0,1,0.12222217,1,0.06296294,0
199,140,9,0,0,0,0.25185186,1,0.388889,0
62,123,9,0,0,0,0,1,0.12222223,0
97,116,9,0,0,1,0,1,0.20740739,0
98,135,9,0,0,1,0,1,0.37407392,0
229,124,9,0,0,1,0,1,0.3407407,0
150,113,9,0,0,1,0,1,0.20740744,0
14,138,9,0,0,1,0,1,0.077777766,0
140,125,9,0,0,0,0,1,0.31111118,0
192,142,9,0,0,0.50000006,0.12222217,2,0.52222186,0
121,123,9,0,0,2,2,1,1.0962967,0
151,138,9,0,0,0,0,0.44444433,0.074074075,0
97,130,9,0,0,1,1,1,0.685185,0
237,135,9,0,0,1,0,1,0.35555547,0
151,143,9,0,0,0,0.06296294,0,0.0333333,0
108,113,9,0,0,0,0,0,0.11851859,0
196,134,9,0,0,1,0,1,0.2962963,0
182,134,9,0,0,1,0,1,0.06296298,0
18,138,9,0,0,1,1,1,0.29999986,0
177,129,9,0,0,0,0,1,0.29629606,0
13,149,9,0,0,1,1,1,1.2444444,0
19,147,9,0,0,0,0,0.4999999,0.077777766,0
108,130,9,0,0,1,1,1,0.66666657,0
58,122,9,0,0,0,0,1,0.11851851,0
115,130,9,0,0,1,0,0.83333325,0.5666664,0
15,123,9,0,0,0,0,0.4444444,0.118518606,0
34,137,9,0,0,1,0,1,0.47407418,0
29,125,9,0,0,0,0,1,0.1777776,0
217,145,9,0,0,1,0,0.72222215,0.06296298,0
239,143,9,0,0,0,0,1,0.1333334,0
114,121,9,0,0,0,0,0.6111112,0.10740732,0
196,124,9,0,0,0,0,0.8333332,0.38888887,0
159,111,9,0,0,0,0,1,0.1518519,0
80,124,9,0,0,1,0,0,0.029629659,0
14,117,9,0,0,0,0.13333334,1,0.07407414,0
155,140,9,0,0,0,0,1,0.08888887,0
219,134,9,0,0,0,0,1,0.4444444,0
176,118,9,0,0,0,0,1,0.19629624,0
222,114,9,0,0,0,0,0,0.074074075,0
188,133,9,0,0,0,0,1,0.077777736,0
38,112,9,0,0,1,0.3851852,1,0.0888888,0
97,126,9,0,0,1,0,1,0.8444445,0
136,139,9,0,0,1,0.17777774,1,0.20740725,0
75,149,9,0,0,1,0,1,0.50740725,0
194,118,9,0,0,0,0,0,0.16296297,0
177,126,9,0,0,0.44444442,0,1,0.41851866,0
108,111,9,0,0,1,0,3,0.38518727,0
146,124,9,0,0,0,0,0,0.107407376,0
39,111,9,0,0,1,0,1,0.4296295,0
101,130,9,0,0,1,0,1,0.57777774,0
68,80,9,0,0,1,0,2,1.7074076,1
240,58,9,0,0,1,1,1,0.7111076,1
248,13,9,0,0,0.7777786,0,1,0.29629365,1
95,47,9,0,0,0.7222201,0,1,0.47777686,1
184,44,9,0,0,1,0,1,0.7555569,1
25,18,9,0,0,1,0,1,0.3851843,1
79,62,9,0,0,1,0,1,0.60740507,1
250,37,9,0,0,1,0,1,0.95185125,1
167,45,9,0,0,1,0.7296285,0.61110944,0.2851846,1
166,65,9,0,0,1,1,1,0.3296294,1
151,57,9,0,0,1,1,2,0.41851655,1
170,36,9,0,0,1,0,2,1.4555568,1
53,53,9,0,0,1,0,1,0.42962876,1
240,16,9,0,0,0,0,1.6666666,1.1555537,1
48,81,9,0,0,1,0,1,0.42962864,1
140,16,9,0,0,1,0,1,0.3851836,1
234,58,9,0,0,1,0,1,0.5333344,1
233,64,9,0,0,1,1,1,0.20740618,1
183,29,9,0,0,1,1,1,0.4296294,1
245,93,9,0,0,3,4,2,4.9074087,1
221,35,9,0,0,1,0,1,0.107407376,1
140,19,9,0.11111111,0,1,1,2,1.9851776,1
226,83,9,0,0,1,1,1,0.50740635,1
8,39,9,0,0,1,1,1.8333334,0.699999,1
150,94,9,0,0,1,1,1,0.5074095,1
74,88,9,0,0,1,0,1,0.21111126,1
209,66,9,0,0,1,0,1,0.60740495,1
14,28,9,0,0,1,0,1,0.4296262,1
9,94,9,0,0,1,1,1,0.6666645,1
155,80,9,0,0,0.99999875,0,1,0.6962941,1
146,62,9,0,0,1,0,1,0.3555547,1
6,54,9,0,0,0.61110944,0.1074082,1,0.5518552,1
7,48,9,0,0,0.6111107,0.10740732,1,0.35555676,1
242,57,9,0,0,1,1,1,0.31111082,1
86,33,9,0,0,1.1666654,1,1,0.19629543,1
201,92,9,0,0,1,0.2111112,1,0.2962967,1
193,66,9,0,0,1.3888906,1,1,0.60741055,1
120,74,9,0,0,0,0,1,0.07777796,1
190,96,9,0,0,0,0,1,0.41851908,1
204,25,9,0,0,1,0,1,0.47777545,1
253,75,9,0,0,0.66666794,0,1,0.38518703,1
169,98,9,0,0,1,0,2,0.75555366,1
244,79,9,0,0,1,0.11851797,1,0.46296528,1
63,33,9,0,0,0.6111107,0,0.7222214,0.062962785,1
121,55,9,0,0,2,3,1,1.1851842,1
140,34,9,0,0,0,0,1,0.20740815,1
21,90,9,0,0,1,0,1,0.56296283,1
25,41,9,0,0,1,1,1,0.65555346,1
117,44,9,0,0,1,0,1,0.31110993,1
56,32,9,0,0,1,0,1,0.6555584,1
78,62,9,0.11111111,0,1,0,2,0.86296284,1
235,35,9,0,0,0,0,1.2222214,0.607412,1
104,68,9,0,0,1,1,1,0.8296292,1
95,71,9,0,0,1,1,2,3.7629638,1
64,49,9,0,0,0.94444656,0,1,0.4185201,1
241,76,9,0,0,1,0,1,0.71110994,1
86,67,9,0,0,1,1,1,0.68518525,1
210,47,9,0,0,0.5,0,1,0.4888892,1
199,25,9,0,0,1,1,1,0.7740752,1
41,93,9,0,0,1,0,1.0555547,1.3962914,1
92,46,9,0,0,1,0,1,1.0074095,1
52,66,9,0.11111111,0,1,0,2,2.122228,1
119,85,9,0,0,0,0,1,0.6074093,1
59,96,9,0,0,1,0,1,0.24074087,1
252,71,9,0,0,1,0,1,0.71110994,1
89,43,9,0,0,1,0,1,0.34074003,1
78,60,9,0,0,0,0,1,0.38518456,1
167,57,9,0,0,1,0,1,0.6962966,1
60,52,9,0,0,1,1,1,0.7407436,1
164,45,9,0,0,1,1,1,0.22221947,1
65,70,9,0,0,1,0,1,0.5629626,1
44,20,9,0,0,1,0,1,0.56296283,1
216,15,9,0,0,1,0,1,0.51851857,1
165,99,9,0,0,1,0,0.7777786,0.47407353,1
26,90,9,0,0,1,0,1,0.28518537,1
79,48,9,0,0,1,1,1,0.35555598,1
233,81,9,0,0,1,0,1,0.55185294,1
194,72,9,0,0,1,0,1,1.1444412,1
212,81,9,0,0,1,0,1,0.07777894,1
177,85,9,0,0,1,0,0.88888806,0.429629,1
209,249,9,0,0,2.4444444,2,3,3.8074067,6
103,195,9,0,0,2,2,2,3.7962956,6
238,180,9,0,0,1,0,2,1.6629628,6
207,217,9,0,0,1,0,2,0.9074081,6
63,220,9,0,0,3,15,4,6.0888896,6
116,238,9,0,0,1,1,1,2.2851841,6
63,201,9,0,0,1,1,1,0.5518518,6
131,234,9,0,0,1,0,1,0.60740733,6
62,223,9,0,0,2.5,6,2,2.4444442,6
212,234,9,0,0,0,0.11851848,1,0.28518525,6
233,184,9,0,0,1,0,1,0.785185,6
108,212,9,0,0,2,1,2,1.985185,6
16,246,9,0,0,2,1,2,1.7518522,6
237,191,9,0,0,1,0,2,1.0111109,6
234,164,9,0,0,0.5000002,0.2111112,3,8.04445,6
191,165,9,0,0,0.33333334,0,2,1.140741,6
42,200,9,0,0,1,0,0,0.25185174,6
158,186,9,0,0,1,0,1,1.8111099,6
2,245,9,0,0,2,2,3,3.2777781,6
220,220,9,0,0,2,1,2,4.151854,6
121,237,9,0,0,1,1,2,0.785185,6
131,214,9,0,0,1,1,1,0.24074058,6
63,179,9,0,0,1,0,2,0.5629631,6
76,249,9,0,0,2.0555558,2,2.3333335,5.5111136,6
56,243,9,0,0,2,5,3,0.829629,6
152,247,9,0,0,2,1,7,4.340751,6
222,244,9,0,0,3,1,2,2.151852,6
37,167,9,0,0,1,0.56296337,8,4.6074057,6
130,189,9,0,0,1,0,1,0.92222214,6
247,197,9,0,0,0.33333316,0,1,0.06296301,6
110,174,9,0,0,0,0,1.7222222,0.15185165,6
107,226,9,0,0,2,3,4,2.5629618,6
118,167,9,0,0,1,1,2,0.99629617,6
74,215,9,0,0,0,0,1,0.12222217,6
199,220,9,0,0,1,1,1,0.47407386,6
161,176,9,0,0,0,0,1,0.3888888,6
103,216,9,0,0,1,1,1,1.1888888,6
23,237,9,0,0,2,2,2,2.074075,6
173,219,9,0,0,3,3,3,6.6111126,6
151,187,9,0,0,1,1,2,1.0407399,6
196,244,9,0,0,1,1,4,6.9518504,6
227,222,9,0,0,2.111111,3,3,7.26296,6
48,192,9,0,0,1,1,3,4.8296304,6
103,237,9,0,0,1.0000001,0,1,0.47407398,6
243,166,9,0,0,1,0,1,0.32962978,6
126,237,9,0,0,1,0,1,0.48888868,6
78,186,9,0,0,3,2,4,4.2074056,5
13,191,9,0,0,4,5,8,40.02962,5
23,188,9,0,0,2,0,7,37.218513,5
204,177,9,0,0,2,11,8,27.333357,5
1,189,9,0,0,1,0,12,84.59629,5
36,189,9,0,0,2,2,5.8333335,21.588884,5
35,189,9,0,0,3,3,5,15.366663,5
194,178,9,0,0,1,1,8,12.577775,5
42,188,9,0,0,1.833333,2,1,1.7518508,5
24,188,9,0,0,2,1,6.611112,38.551857,5
166,180,9,0,0,1.4444437,2,7,45.955563,5
229,175,9,0,0,1.166666,0.52222264,5.666666,26.133337,5
116,184,9,0,0,2,2,11,45.085182,5
103,185,9,0,0,2,4.655558,10,94.91854,5
133,182,9,0,0,2.5000012,5,9,71.24447,5
27,189,9,0,0,1,0,3,2.5074077,5
64,186,9,0,0,2,2,7,53.58887,5
4,189,9,0,0,2,4,11.722221,114.59634,5
137,182,9,0,0,2,4,4,9.218522,5
28,188,9,0,0,1,1,5,19.007412,5
45,188,9,0,0,2.4444447,2.740741,3,7.540742,5
37,189,9,0,0,1.3888893,1,6,23.885176,5
116,184,9,0,0,2,2,11,45.085182,5
15,189,9,0,0,1,1,2,2.8888876,5
38,189,9,0,0,1,0,6,33.3185,5
205,177,9,0,0,3,10,8,17.366692,5
180,179,9,0,0,2,3,5,7.274074,5
123,183,9,0,0,1,1,6,36.933327,5
77,186,9,0,0,2,3,2,3.5555558,5
16,190,9,0,0,4,7,9,73.674065,5
142,182,9,0,0,2,1,2,3.618518,5
10,190,9,0,0,3,7,3,2.6555543,5
163,180,9,0,0,2,1,9,63.944435,5
2,190,9,0,0,3,1,3,2.9666677,5
137,182,9,0,0,2,4,4,9.218522,5
20,189,9,0,0,1.7222229,1.7518526,3,3.822227,5
28,188,9,0,0,1,1,5,19.007412,5
114,184,9,0,0,1,0,9,28.951855,5
77,185,9,0,0,3,8,6,32.118523,5
99,184,9,0,0,2,3,8,63.35185,5
47,189,9,0,0,2,5,6,14.6074095,5
142,182,9,0,0,2,1,2,3.618518,5
249,154,9,0,0,4,18,2,3.174073,4
152,152,9,0,0,0,0,2,4.340741,4
150,152,9,0,0,0,0,2,3.5740747,4
121,154,9,0,0,0,0,2.611111,5.7518525,4
150,152,9,0,0,0,0,2,3.5740747,4
211,154,9,0,0,0,0.029629631,0.38888893,0.062962964,4
173,152,9,0,0,0,0,1,0.16666685,4
25,155,9,0,0,5.722223,99.75187,18,151.68887,4
215,153,9,0,0.11111111,20,8,1,3.8962963,4
221,154,9,0,0,4,3,1,0.5962961,4
145,155,9,0,0,5,36,10,121.396286,4
66,155,9,0,0,4,22,8,71.574066,4
46,154,9,0,0,3,8,2,1.2185184,4
86,155,9,0,0,4,11,5,60.240738,4
248,153,9,0,0,0,0,0,0.029629637,4
208,154,9,0,0,12,126,1,0.68518424,4
43,152,9,0,0,2,2,1,0.8296299,4
6,154,9,0,0,0.11111113,0.029629631,0.11111111,0.029629635,4
152,155,9,0,0,1,1,10.777778,131.80739,4
79,154,9,0,0,1,2,0,0.07777777,4
166,154,9,0,0,0,0,0,0.074074075,4
173,158,9,0,0,2,4,1,0.477778,3
233,159,9,0,0,2,1,1,1.5740741,3
32,158,9,0,0,1,1,1,0.6111108,3
8,162,9,0,0,2,2,0.3333334,0.13333334,3
128,161,9,0,0,1,0,1,0.16296278,3
150,158,9,0,0,2,1.6333338,1,0.41851807,3
124,162,9,0,0,1,1,2,0.8888891,3
